year,filename,section,func,func_label,salaries,benefits,purchased_services,row_total
2012,05-016-0650-04_AFR12 Evanston CCSD 65.xls,SUPPORT SERVICES (ED),2310,Board of Education,72236.0,6530.0,70293.0,217310.0
2012,05-016-0650-04_AFR12 Evanston CCSD 65.xls,SUPPORT SERVICES (ED),2320,Executive Administration,312620.0,99369.0,2629.0,419924.0
2012,05-016-0650-04_AFR12 Evanston CCSD 65.xls,SUPPORT SERVICES (ED),2330,Special Area Administration,721177.0,103892.0,13802.0,842121.0
2012,05-016-0650-04_AFR12 Evanston CCSD 65.xls,SUPPORT SERVICES (ED),2300,General Administration (total),1106033.0,209791.0,86724.0,1479355.0
2012,05-016-0650-04_AFR12 Evanston CCSD 65.xls,SUPPORT SERVICES (ED),2410,Office of the Principal,3692003.0,479556.0,75778.0,4247337.0
2012,05-016-0650-04_AFR12 Evanston CCSD 65.xls,SUPPORT SERVICES (ED),2490,Other School Administration,72560.0,3100.0,0.0,76525.0
2012,05-016-0650-04_AFR12 Evanston CCSD 65.xls,SUPPORT SERVICES (ED),2400,School Administration (total),3764563.0,482656.0,75778.0,4323862.0
2012,05-016-0650-04_AFR12 Evanston CCSD 65.xls,SUPPORT SERVICES (ED),2510,Direction of Business Support Services,342134.0,57347.0,20872.0,425382.0
2012,05-016-0650-04_AFR12 Evanston CCSD 65.xls,SUPPORT SERVICES (ED),2520,Fiscal Services,370605.0,39539.0,31544.0,444629.0
2012,05-016-0650-04_AFR12 Evanston CCSD 65.xls,SUPPORT SERVICES (ED),2540,Operation & Maintenance,0.0,0.0,0.0,45000.0
2012,05-016-0650-04_AFR12 Evanston CCSD 65.xls,SUPPORT SERVICES (ED),2550,Pupil Transportation,0.0,0.0,0.0,0.0
2012,05-016-0650-04_AFR12 Evanston CCSD 65.xls,SUPPORT SERVICES (ED),2560,Food Services,823317.0,105574.0,55361.0,2176143.0
2012,05-016-0650-04_AFR12 Evanston CCSD 65.xls,SUPPORT SERVICES (ED),2570,Internal Services,79211.0,20710.0,1052097.0,1172754.0
2012,05-016-0650-04_AFR12 Evanston CCSD 65.xls,SUPPORT SERVICES (ED),2500,Business Services (total),1615267.0,223170.0,1159874.0,4263908.0
2012,05-016-0650-04_AFR12 Evanston CCSD 65.xls,SUPPORT SERVICES (ED),2610,Direction of Central Support Services,0.0,0.0,0.0,0.0
2012,05-016-0650-04_AFR12 Evanston CCSD 65.xls,SUPPORT SERVICES (ED),2620,"Planning, Research, Development, Evaluation",466668.0,91749.0,22996.0,692296.0
2012,05-016-0650-04_AFR12 Evanston CCSD 65.xls,SUPPORT SERVICES (ED),2630,Information Services,178039.0,15497.0,45295.0,240951.0
2012,05-016-0650-04_AFR12 Evanston CCSD 65.xls,SUPPORT SERVICES (ED),2640,Staff Services,557878.0,165051.0,63864.0,807669.0
2012,05-016-0650-04_AFR12 Evanston CCSD 65.xls,SUPPORT SERVICES (ED),2660,Data Processing,424525.0,40584.0,446462.0,1413550.0
2012,05-016-0650-04_AFR12 Evanston CCSD 65.xls,SUPPORT SERVICES (ED),2600,Central Support Services (total),1627110.0,312881.0,578617.0,3154466.0
2012,05-016-0650-04_AFR12 Evanston CCSD 65.xls,SUPPORT SERVICES (O&M),2510,Direction of Business Support Services,0.0,0.0,0.0,0.0
2012,05-016-0650-04_AFR12 Evanston CCSD 65.xls,SUPPORT SERVICES (O&M),2540,Operation & Maintenance,3409686.0,550352.0,2627468.0,8575144.0
2012,05-016-0650-04_AFR12 Evanston CCSD 65.xls,SUPPORT SERVICES (O&M),2550,Pupil Transportation,0.0,0.0,0.0,0.0
2012,05-016-0650-04_AFR12 Evanston CCSD 65.xls,SUPPORT SERVICES (O&M),2560,Food Services,0.0,0.0,0.0,0.0
2012,05-016-0650-04_AFR12 Evanston CCSD 65.xls,SUPPORT SERVICES (O&M),2500,Business Services (total),3409686.0,550352.0,2627468.0,8575144.0
2012,05-016-0650-04_AFR12 Evanston CCSD 65.xls,SUPPORT SERVICES (TR),2550,Pupil Transportation,296486.0,28341.0,2055831.0,2427065.0
2012,05-016-0650-04_AFR12 Evanston CCSD 65.xls,SUPPORT SERVICES (MR/SS),2310,Board of Education,0.0,12357.0,0.0,12357.0
2012,05-016-0650-04_AFR12 Evanston CCSD 65.xls,SUPPORT SERVICES (MR/SS),2320,Executive Administration,0.0,15550.0,0.0,15550.0
2012,05-016-0650-04_AFR12 Evanston CCSD 65.xls,SUPPORT SERVICES (MR/SS),2330,Special Area Administration,0.0,31393.0,0.0,31393.0
2012,05-016-0650-04_AFR12 Evanston CCSD 65.xls,SUPPORT SERVICES (MR/SS),2300,General Administration (total),0.0,60498.0,0.0,60498.0
2012,05-016-0650-04_AFR12 Evanston CCSD 65.xls,SUPPORT SERVICES (MR/SS),2410,Office of the Principal,0.0,165467.0,0.0,165467.0
2012,05-016-0650-04_AFR12 Evanston CCSD 65.xls,SUPPORT SERVICES (MR/SS),2490,Other School Administration,0.0,965.0,0.0,965.0
2012,05-016-0650-04_AFR12 Evanston CCSD 65.xls,SUPPORT SERVICES (MR/SS),2400,School Administration (total),0.0,166432.0,0.0,166432.0
2012,05-016-0650-04_AFR12 Evanston CCSD 65.xls,SUPPORT SERVICES (MR/SS),2510,Direction of Business Support Services,0.0,39510.0,0.0,39510.0
2012,05-016-0650-04_AFR12 Evanston CCSD 65.xls,SUPPORT SERVICES (MR/SS),2520,Fiscal Services,0.0,45067.0,0.0,45067.0
2012,05-016-0650-04_AFR12 Evanston CCSD 65.xls,SUPPORT SERVICES (MR/SS),2540,Operation & Maintenance,0.0,529753.0,0.0,529753.0
2012,05-016-0650-04_AFR12 Evanston CCSD 65.xls,SUPPORT SERVICES (MR/SS),2550,Pupil Transportation,0.0,48380.0,0.0,48380.0
2012,05-016-0650-04_AFR12 Evanston CCSD 65.xls,SUPPORT SERVICES (MR/SS),2560,Food Services,0.0,134129.0,0.0,134129.0
2012,05-016-0650-04_AFR12 Evanston CCSD 65.xls,SUPPORT SERVICES (MR/SS),2570,Internal Services,0.0,52267.0,0.0,52267.0
2012,05-016-0650-04_AFR12 Evanston CCSD 65.xls,SUPPORT SERVICES (MR/SS),2500,Business Services (total),0.0,883407.0,0.0,883407.0
2012,05-016-0650-04_AFR12 Evanston CCSD 65.xls,SUPPORT SERVICES (MR/SS),2610,Direction of Central Support Services,0.0,0.0,0.0,0.0
2012,05-016-0650-04_AFR12 Evanston CCSD 65.xls,SUPPORT SERVICES (MR/SS),2620,"Planning, Research, Development, Evaluation",0.0,78473.0,0.0,78473.0
2012,05-016-0650-04_AFR12 Evanston CCSD 65.xls,SUPPORT SERVICES (MR/SS),2630,Information Services,0.0,29485.0,0.0,29485.0
2012,05-016-0650-04_AFR12 Evanston CCSD 65.xls,SUPPORT SERVICES (MR/SS),2640,Staff Services,0.0,67203.0,0.0,67203.0
2012,05-016-0650-04_AFR12 Evanston CCSD 65.xls,SUPPORT SERVICES (MR/SS),2660,Data Processing,0.0,77783.0,0.0,77783.0
2012,05-016-0650-04_AFR12 Evanston CCSD 65.xls,SUPPORT SERVICES (MR/SS),2600,Central Support Services (total),0.0,252944.0,0.0,252944.0
2012,05-016-0650-04_AFR12 Evanston CCSD 65.xls,SUPPORT SERVICES (FP&S),2540,Operation & Maintenance,0.0,0.0,0.0,50000.0
2012,05-016-0650-04_AFR12 Evanston CCSD 65.xls,SUPPORT SERVICES (FP&S),2500,Business Services (total),0.0,0.0,0.0,50000.0
2013,05-016-0650-04_AFR13 Community Consolidated School District No. 65.XLS,SUPPORT SERVICES (ED),2310,Board of Education,70990.0,12294.0,67780.0,208906.0
2013,05-016-0650-04_AFR13 Community Consolidated School District No. 65.XLS,SUPPORT SERVICES (ED),2320,Executive Administration,308542.0,95627.0,4750.0,411436.0
2013,05-016-0650-04_AFR13 Community Consolidated School District No. 65.XLS,SUPPORT SERVICES (ED),2330,Special Area Administration,656245.0,126165.0,14366.0,799307.0
2013,05-016-0650-04_AFR13 Community Consolidated School District No. 65.XLS,SUPPORT SERVICES (ED),2300,General Administration (total),1035777.0,234086.0,86896.0,1419649.0
2013,05-016-0650-04_AFR13 Community Consolidated School District No. 65.XLS,SUPPORT SERVICES (ED),2410,Office of the Principal,3707852.0,481175.0,46019.0,4235893.0
2013,05-016-0650-04_AFR13 Community Consolidated School District No. 65.XLS,SUPPORT SERVICES (ED),2490,Other School Administration,73132.0,3088.0,0.0,76220.0
2013,05-016-0650-04_AFR13 Community Consolidated School District No. 65.XLS,SUPPORT SERVICES (ED),2400,School Administration (total),3780984.0,484263.0,46019.0,4312113.0
2013,05-016-0650-04_AFR13 Community Consolidated School District No. 65.XLS,SUPPORT SERVICES (ED),2510,Direction of Business Support Services,398060.0,63465.0,11394.0,476122.0
2013,05-016-0650-04_AFR13 Community Consolidated School District No. 65.XLS,SUPPORT SERVICES (ED),2520,Fiscal Services,411049.0,65379.0,12391.0,500060.0
2013,05-016-0650-04_AFR13 Community Consolidated School District No. 65.XLS,SUPPORT SERVICES (ED),2540,Operation & Maintenance,0.0,0.0,0.0,0.0
2013,05-016-0650-04_AFR13 Community Consolidated School District No. 65.XLS,SUPPORT SERVICES (ED),2550,Pupil Transportation,0.0,0.0,0.0,0.0
2013,05-016-0650-04_AFR13 Community Consolidated School District No. 65.XLS,SUPPORT SERVICES (ED),2560,Food Services,839178.0,95119.0,56841.0,2107043.0
2013,05-016-0650-04_AFR13 Community Consolidated School District No. 65.XLS,SUPPORT SERVICES (ED),2570,Internal Services,27200.0,0.0,18996.0,63013.0
2013,05-016-0650-04_AFR13 Community Consolidated School District No. 65.XLS,SUPPORT SERVICES (ED),2500,Business Services (total),1675487.0,223963.0,99622.0,3146238.0
2013,05-016-0650-04_AFR13 Community Consolidated School District No. 65.XLS,SUPPORT SERVICES (ED),2610,Direction of Central Support Services,0.0,0.0,0.0,0.0
2013,05-016-0650-04_AFR13 Community Consolidated School District No. 65.XLS,SUPPORT SERVICES (ED),2620,"Planning, Research, Development, Evaluation",475778.0,104527.0,4775.0,694279.0
2013,05-016-0650-04_AFR13 Community Consolidated School District No. 65.XLS,SUPPORT SERVICES (ED),2630,Information Services,189621.0,17083.0,43375.0,251225.0
2013,05-016-0650-04_AFR13 Community Consolidated School District No. 65.XLS,SUPPORT SERVICES (ED),2640,Staff Services,558406.0,146107.0,93799.0,816726.0
2013,05-016-0650-04_AFR13 Community Consolidated School District No. 65.XLS,SUPPORT SERVICES (ED),2660,Data Processing,373065.0,44729.0,570309.0,1206606.0
2013,05-016-0650-04_AFR13 Community Consolidated School District No. 65.XLS,SUPPORT SERVICES (ED),2600,Central Support Services (total),1596870.0,312446.0,712258.0,2968836.0
2013,05-016-0650-04_AFR13 Community Consolidated School District No. 65.XLS,SUPPORT SERVICES (O&M),2510,Direction of Business Support Services,0.0,0.0,0.0,0.0
2013,05-016-0650-04_AFR13 Community Consolidated School District No. 65.XLS,SUPPORT SERVICES (O&M),2540,Operation & Maintenance,3240888.0,682738.0,1791281.0,7482102.0
2013,05-016-0650-04_AFR13 Community Consolidated School District No. 65.XLS,SUPPORT SERVICES (O&M),2550,Pupil Transportation,0.0,0.0,0.0,0.0
2013,05-016-0650-04_AFR13 Community Consolidated School District No. 65.XLS,SUPPORT SERVICES (O&M),2560,Food Services,0.0,0.0,0.0,0.0
2013,05-016-0650-04_AFR13 Community Consolidated School District No. 65.XLS,SUPPORT SERVICES (O&M),2500,Business Services (total),3240888.0,682738.0,1791281.0,7482102.0
2013,05-016-0650-04_AFR13 Community Consolidated School District No. 65.XLS,SUPPORT SERVICES (TR),2550,Pupil Transportation,315018.0,34332.0,2139401.0,2540457.0
2013,05-016-0650-04_AFR13 Community Consolidated School District No. 65.XLS,SUPPORT SERVICES (MR/SS),2310,Board of Education,0.0,13628.0,0.0,13628.0
2013,05-016-0650-04_AFR13 Community Consolidated School District No. 65.XLS,SUPPORT SERVICES (MR/SS),2320,Executive Administration,0.0,16141.0,0.0,16141.0
2013,05-016-0650-04_AFR13 Community Consolidated School District No. 65.XLS,SUPPORT SERVICES (MR/SS),2330,Special Area Administration,0.0,22256.0,0.0,22256.0
2013,05-016-0650-04_AFR13 Community Consolidated School District No. 65.XLS,SUPPORT SERVICES (MR/SS),2300,General Administration (total),0.0,53186.0,0.0,53186.0
2013,05-016-0650-04_AFR13 Community Consolidated School District No. 65.XLS,SUPPORT SERVICES (MR/SS),2410,Office of the Principal,0.0,161645.0,0.0,161645.0
2013,05-016-0650-04_AFR13 Community Consolidated School District No. 65.XLS,SUPPORT SERVICES (MR/SS),2490,Other School Administration,0.0,1008.0,0.0,1008.0
2013,05-016-0650-04_AFR13 Community Consolidated School District No. 65.XLS,SUPPORT SERVICES (MR/SS),2400,School Administration (total),0.0,162653.0,0.0,162653.0
2013,05-016-0650-04_AFR13 Community Consolidated School District No. 65.XLS,SUPPORT SERVICES (MR/SS),2510,Direction of Business Support Services,0.0,42050.0,0.0,42050.0
2013,05-016-0650-04_AFR13 Community Consolidated School District No. 65.XLS,SUPPORT SERVICES (MR/SS),2520,Fiscal Services,0.0,50190.0,0.0,50190.0
2013,05-016-0650-04_AFR13 Community Consolidated School District No. 65.XLS,SUPPORT SERVICES (MR/SS),2540,Operation & Maintenance,0.0,529782.0,0.0,529782.0
2013,05-016-0650-04_AFR13 Community Consolidated School District No. 65.XLS,SUPPORT SERVICES (MR/SS),2550,Pupil Transportation,0.0,52133.0,0.0,52133.0
2013,05-016-0650-04_AFR13 Community Consolidated School District No. 65.XLS,SUPPORT SERVICES (MR/SS),2560,Food Services,0.0,138859.0,0.0,138859.0
2013,05-016-0650-04_AFR13 Community Consolidated School District No. 65.XLS,SUPPORT SERVICES (MR/SS),2570,Internal Services,0.0,37102.0,0.0,37102.0
2013,05-016-0650-04_AFR13 Community Consolidated School District No. 65.XLS,SUPPORT SERVICES (MR/SS),2500,Business Services (total),0.0,878571.0,0.0,878571.0
2013,05-016-0650-04_AFR13 Community Consolidated School District No. 65.XLS,SUPPORT SERVICES (MR/SS),2610,Direction of Central Support Services,0.0,0.0,0.0,0.0
2013,05-016-0650-04_AFR13 Community Consolidated School District No. 65.XLS,SUPPORT SERVICES (MR/SS),2620,"Planning, Research, Development, Evaluation",0.0,83447.0,0.0,83447.0
2013,05-016-0650-04_AFR13 Community Consolidated School District No. 65.XLS,SUPPORT SERVICES (MR/SS),2630,Information Services,0.0,32837.0,0.0,32837.0
2013,05-016-0650-04_AFR13 Community Consolidated School District No. 65.XLS,SUPPORT SERVICES (MR/SS),2640,Staff Services,0.0,62344.0,0.0,62344.0
2013,05-016-0650-04_AFR13 Community Consolidated School District No. 65.XLS,SUPPORT SERVICES (MR/SS),2660,Data Processing,0.0,73632.0,0.0,73632.0
2013,05-016-0650-04_AFR13 Community Consolidated School District No. 65.XLS,SUPPORT SERVICES (MR/SS),2600,Central Support Services (total),0.0,252260.0,0.0,252260.0
2013,05-016-0650-04_AFR13 Community Consolidated School District No. 65.XLS,SUPPORT SERVICES (FP&S),2540,Operation & Maintenance,0.0,0.0,99432.0,99432.0
2013,05-016-0650-04_AFR13 Community Consolidated School District No. 65.XLS,SUPPORT SERVICES (FP&S),2500,Business Services (total),0.0,0.0,99432.0,99432.0
2014,05-016-0650-04_AFR14 Evanston CCSD 65.xls,SUPPORT SERVICES (ED),2310,Board of Education,79522.0,15138.0,135999.0,288298.0
2014,05-016-0650-04_AFR14 Evanston CCSD 65.xls,SUPPORT SERVICES (ED),2320,Executive Administration,374543.0,65332.0,1363.0,446966.0
2014,05-016-0650-04_AFR14 Evanston CCSD 65.xls,SUPPORT SERVICES (ED),2330,Special Area Administration,679481.0,120100.0,17092.0,820479.0
2014,05-016-0650-04_AFR14 Evanston CCSD 65.xls,SUPPORT SERVICES (ED),2300,General Administration (total),1133546.0,200570.0,154454.0,1555743.0
2014,05-016-0650-04_AFR14 Evanston CCSD 65.xls,SUPPORT SERVICES (ED),2410,Office of the Principal,4306503.0,527270.0,80836.0,4919477.0
2014,05-016-0650-04_AFR14 Evanston CCSD 65.xls,SUPPORT SERVICES (ED),2490,Other School Administration,65456.0,1637.0,0.0,67093.0
2014,05-016-0650-04_AFR14 Evanston CCSD 65.xls,SUPPORT SERVICES (ED),2400,School Administration (total),4371959.0,528907.0,80836.0,4986570.0
2014,05-016-0650-04_AFR14 Evanston CCSD 65.xls,SUPPORT SERVICES (ED),2510,Direction of Business Support Services,436510.0,65894.0,29568.0,533281.0
2014,05-016-0650-04_AFR14 Evanston CCSD 65.xls,SUPPORT SERVICES (ED),2520,Fiscal Services,448063.0,68865.0,18716.0,542614.0
2014,05-016-0650-04_AFR14 Evanston CCSD 65.xls,SUPPORT SERVICES (ED),2540,Operation & Maintenance,0.0,0.0,0.0,0.0
2014,05-016-0650-04_AFR14 Evanston CCSD 65.xls,SUPPORT SERVICES (ED),2550,Pupil Transportation,0.0,0.0,0.0,0.0
2014,05-016-0650-04_AFR14 Evanston CCSD 65.xls,SUPPORT SERVICES (ED),2560,Food Services,848297.0,114659.0,76885.0,2155349.0
2014,05-016-0650-04_AFR14 Evanston CCSD 65.xls,SUPPORT SERVICES (ED),2570,Internal Services,0.0,0.0,74817.0,88026.0
2014,05-016-0650-04_AFR14 Evanston CCSD 65.xls,SUPPORT SERVICES (ED),2500,Business Services (total),1732870.0,249418.0,199986.0,3319270.0
2014,05-016-0650-04_AFR14 Evanston CCSD 65.xls,SUPPORT SERVICES (ED),2610,Direction of Central Support Services,0.0,0.0,0.0,0.0
2014,05-016-0650-04_AFR14 Evanston CCSD 65.xls,SUPPORT SERVICES (ED),2620,"Planning, Research, Development, Evaluation",516184.0,106340.0,9251.0,724400.0
2014,05-016-0650-04_AFR14 Evanston CCSD 65.xls,SUPPORT SERVICES (ED),2630,Information Services,205283.0,14247.0,39146.0,260001.0
2014,05-016-0650-04_AFR14 Evanston CCSD 65.xls,SUPPORT SERVICES (ED),2640,Staff Services,593397.0,145068.0,110998.0,870307.0
2014,05-016-0650-04_AFR14 Evanston CCSD 65.xls,SUPPORT SERVICES (ED),2660,Data Processing,351728.0,46239.0,281265.0,919783.0
2014,05-016-0650-04_AFR14 Evanston CCSD 65.xls,SUPPORT SERVICES (ED),2600,Central Support Services (total),1666592.0,311894.0,440660.0,2774491.0
2014,05-016-0650-04_AFR14 Evanston CCSD 65.xls,SUPPORT SERVICES (O&M),2510,Direction of Business Support Services,0.0,0.0,0.0,0.0
2014,05-016-0650-04_AFR14 Evanston CCSD 65.xls,SUPPORT SERVICES (O&M),2540,Operation & Maintenance,3395648.0,526141.0,2038111.0,7760498.0
2014,05-016-0650-04_AFR14 Evanston CCSD 65.xls,SUPPORT SERVICES (O&M),2550,Pupil Transportation,0.0,0.0,0.0,0.0
2014,05-016-0650-04_AFR14 Evanston CCSD 65.xls,SUPPORT SERVICES (O&M),2560,Food Services,0.0,0.0,0.0,0.0
2014,05-016-0650-04_AFR14 Evanston CCSD 65.xls,SUPPORT SERVICES (O&M),2500,Business Services (total),3395648.0,526141.0,2038111.0,7760498.0
2014,05-016-0650-04_AFR14 Evanston CCSD 65.xls,SUPPORT SERVICES (TR),2550,Pupil Transportation,378198.0,29413.0,2522351.0,3004818.0
2014,05-016-0650-04_AFR14 Evanston CCSD 65.xls,SUPPORT SERVICES (MR/SS),2310,Board of Education,0.0,11680.0,0.0,11680.0
2014,05-016-0650-04_AFR14 Evanston CCSD 65.xls,SUPPORT SERVICES (MR/SS),2320,Executive Administration,0.0,25504.0,0.0,25504.0
2014,05-016-0650-04_AFR14 Evanston CCSD 65.xls,SUPPORT SERVICES (MR/SS),2330,Special Area Administration,0.0,26073.0,0.0,26073.0
2014,05-016-0650-04_AFR14 Evanston CCSD 65.xls,SUPPORT SERVICES (MR/SS),2300,General Administration (total),0.0,63257.0,0.0,63257.0
2014,05-016-0650-04_AFR14 Evanston CCSD 65.xls,SUPPORT SERVICES (MR/SS),2410,Office of the Principal,0.0,170079.0,0.0,170079.0
2014,05-016-0650-04_AFR14 Evanston CCSD 65.xls,SUPPORT SERVICES (MR/SS),2490,Other School Administration,0.0,909.0,0.0,909.0
2014,05-016-0650-04_AFR14 Evanston CCSD 65.xls,SUPPORT SERVICES (MR/SS),2400,School Administration (total),0.0,170988.0,0.0,170988.0
2014,05-016-0650-04_AFR14 Evanston CCSD 65.xls,SUPPORT SERVICES (MR/SS),2510,Direction of Business Support Services,0.0,42409.0,0.0,42409.0
2014,05-016-0650-04_AFR14 Evanston CCSD 65.xls,SUPPORT SERVICES (MR/SS),2520,Fiscal Services,0.0,55646.0,0.0,55646.0
2014,05-016-0650-04_AFR14 Evanston CCSD 65.xls,SUPPORT SERVICES (MR/SS),2540,Operation & Maintenance,0.0,552648.0,0.0,552648.0
2014,05-016-0650-04_AFR14 Evanston CCSD 65.xls,SUPPORT SERVICES (MR/SS),2550,Pupil Transportation,0.0,61090.0,0.0,61090.0
2014,05-016-0650-04_AFR14 Evanston CCSD 65.xls,SUPPORT SERVICES (MR/SS),2560,Food Services,0.0,143166.0,0.0,143166.0
2014,05-016-0650-04_AFR14 Evanston CCSD 65.xls,SUPPORT SERVICES (MR/SS),2570,Internal Services,0.0,35550.0,0.0,35550.0
2014,05-016-0650-04_AFR14 Evanston CCSD 65.xls,SUPPORT SERVICES (MR/SS),2500,Business Services (total),0.0,930449.0,0.0,930449.0
2014,05-016-0650-04_AFR14 Evanston CCSD 65.xls,SUPPORT SERVICES (MR/SS),2610,Direction of Central Support Services,0.0,0.0,0.0,0.0
2014,05-016-0650-04_AFR14 Evanston CCSD 65.xls,SUPPORT SERVICES (MR/SS),2620,"Planning, Research, Development, Evaluation",0.0,89771.0,0.0,89771.0
2014,05-016-0650-04_AFR14 Evanston CCSD 65.xls,SUPPORT SERVICES (MR/SS),2630,Information Services,0.0,27845.0,0.0,27845.0
2014,05-016-0650-04_AFR14 Evanston CCSD 65.xls,SUPPORT SERVICES (MR/SS),2640,Staff Services,0.0,70685.0,0.0,70685.0
2014,05-016-0650-04_AFR14 Evanston CCSD 65.xls,SUPPORT SERVICES (MR/SS),2660,Data Processing,0.0,71292.0,0.0,71292.0
2014,05-016-0650-04_AFR14 Evanston CCSD 65.xls,SUPPORT SERVICES (MR/SS),2600,Central Support Services (total),0.0,259593.0,0.0,259593.0
2014,05-016-0650-04_AFR14 Evanston CCSD 65.xls,SUPPORT SERVICES (FP&S),2540,Operation & Maintenance,0.0,0.0,0.0,174000.0
2014,05-016-0650-04_AFR14 Evanston CCSD 65.xls,SUPPORT SERVICES (FP&S),2500,Business Services (total),0.0,0.0,0.0,174000.0
2015,05-016-0650-04_AFR15 Evanston CCSD 65.xlsm,SUPPORT SERVICES (ED),2310,Board of Education,61014.0,20346.0,73931.0,213053.0
2015,05-016-0650-04_AFR15 Evanston CCSD 65.xlsm,SUPPORT SERVICES (ED),2320,Executive Administration,320224.0,62119.0,2049.0,385959.0
2015,05-016-0650-04_AFR15 Evanston CCSD 65.xlsm,SUPPORT SERVICES (ED),2330,Special Area Administration,858427.0,132549.0,16189.0,1008902.0
2015,05-016-0650-04_AFR15 Evanston CCSD 65.xlsm,SUPPORT SERVICES (ED),2300,General Administration (total),1239665.0,215014.0,92169.0,1607914.0
2015,05-016-0650-04_AFR15 Evanston CCSD 65.xlsm,SUPPORT SERVICES (ED),2410,Office of the Principal,4542048.0,519614.0,74406.0,5136068.0
2015,05-016-0650-04_AFR15 Evanston CCSD 65.xlsm,SUPPORT SERVICES (ED),2490,Other School Administration,64919.0,1497.0,0.0,66416.0
2015,05-016-0650-04_AFR15 Evanston CCSD 65.xlsm,SUPPORT SERVICES (ED),2400,School Administration (total),4606967.0,521111.0,74406.0,5202484.0
2015,05-016-0650-04_AFR15 Evanston CCSD 65.xlsm,SUPPORT SERVICES (ED),2510,Direction of Business Support Services,436823.0,63222.0,13130.0,515700.0
2015,05-016-0650-04_AFR15 Evanston CCSD 65.xlsm,SUPPORT SERVICES (ED),2520,Fiscal Services,458676.0,66709.0,16683.0,542904.0
2015,05-016-0650-04_AFR15 Evanston CCSD 65.xlsm,SUPPORT SERVICES (ED),2540,Operation & Maintenance,0.0,0.0,0.0,0.0
2015,05-016-0650-04_AFR15 Evanston CCSD 65.xlsm,SUPPORT SERVICES (ED),2550,Pupil Transportation,0.0,0.0,0.0,0.0
2015,05-016-0650-04_AFR15 Evanston CCSD 65.xlsm,SUPPORT SERVICES (ED),2560,Food Services,837725.0,103076.0,106559.0,2134677.0
2015,05-016-0650-04_AFR15 Evanston CCSD 65.xlsm,SUPPORT SERVICES (ED),2570,Internal Services,0.0,0.0,495171.0,510934.0
2015,05-016-0650-04_AFR15 Evanston CCSD 65.xlsm,SUPPORT SERVICES (ED),2500,Business Services (total),1733224.0,233007.0,631543.0,3704215.0
2015,05-016-0650-04_AFR15 Evanston CCSD 65.xlsm,SUPPORT SERVICES (ED),2610,Direction of Central Support Services,0.0,0.0,0.0,0.0
2015,05-016-0650-04_AFR15 Evanston CCSD 65.xlsm,SUPPORT SERVICES (ED),2620,"Planning, Research, Development, Evaluation",509118.0,84918.0,84603.0,781035.0
2015,05-016-0650-04_AFR15 Evanston CCSD 65.xlsm,SUPPORT SERVICES (ED),2630,Information Services,99182.0,6678.0,42231.0,204177.0
2015,05-016-0650-04_AFR15 Evanston CCSD 65.xlsm,SUPPORT SERVICES (ED),2640,Staff Services,602994.0,144241.0,96197.0,852972.0
2015,05-016-0650-04_AFR15 Evanston CCSD 65.xlsm,SUPPORT SERVICES (ED),2660,Data Processing,558806.0,81154.0,742357.0,2002575.0
2015,05-016-0650-04_AFR15 Evanston CCSD 65.xlsm,SUPPORT SERVICES (ED),2600,Central Support Services (total),1770100.0,316991.0,965388.0,3840759.0
2015,05-016-0650-04_AFR15 Evanston CCSD 65.xlsm,SUPPORT SERVICES (O&M),2510,Direction of Business Support Services,0.0,0.0,0.0,0.0
2015,05-016-0650-04_AFR15 Evanston CCSD 65.xlsm,SUPPORT SERVICES (O&M),2540,Operation & Maintenance,3440841.0,451730.0,1864820.0,7545053.0
2015,05-016-0650-04_AFR15 Evanston CCSD 65.xlsm,SUPPORT SERVICES (O&M),2550,Pupil Transportation,0.0,0.0,0.0,0.0
2015,05-016-0650-04_AFR15 Evanston CCSD 65.xlsm,SUPPORT SERVICES (O&M),2560,Food Services,0.0,0.0,0.0,0.0
2015,05-016-0650-04_AFR15 Evanston CCSD 65.xlsm,SUPPORT SERVICES (O&M),2500,Business Services (total),3440841.0,451730.0,1864820.0,7545053.0
2015,05-016-0650-04_AFR15 Evanston CCSD 65.xlsm,SUPPORT SERVICES (TR),2550,Pupil Transportation,414747.0,25846.0,2697340.0,3215192.0
2015,05-016-0650-04_AFR15 Evanston CCSD 65.xlsm,SUPPORT SERVICES (MR/SS),2310,Board of Education,0.0,10607.0,0.0,10607.0
2015,05-016-0650-04_AFR15 Evanston CCSD 65.xlsm,SUPPORT SERVICES (MR/SS),2320,Executive Administration,0.0,17206.0,0.0,17206.0
2015,05-016-0650-04_AFR15 Evanston CCSD 65.xlsm,SUPPORT SERVICES (MR/SS),2330,Special Area Administration,0.0,26925.0,0.0,26925.0
2015,05-016-0650-04_AFR15 Evanston CCSD 65.xlsm,SUPPORT SERVICES (MR/SS),2300,General Administration (total),0.0,54738.0,0.0,54738.0
2015,05-016-0650-04_AFR15 Evanston CCSD 65.xlsm,SUPPORT SERVICES (MR/SS),2410,Office of the Principal,0.0,178610.0,0.0,178610.0
2015,05-016-0650-04_AFR15 Evanston CCSD 65.xlsm,SUPPORT SERVICES (MR/SS),2490,Other School Administration,0.0,635.0,0.0,635.0
2015,05-016-0650-04_AFR15 Evanston CCSD 65.xlsm,SUPPORT SERVICES (MR/SS),2400,School Administration (total),0.0,179245.0,0.0,179245.0
2015,05-016-0650-04_AFR15 Evanston CCSD 65.xlsm,SUPPORT SERVICES (MR/SS),2510,Direction of Business Support Services,0.0,41741.0,0.0,41741.0
2015,05-016-0650-04_AFR15 Evanston CCSD 65.xlsm,SUPPORT SERVICES (MR/SS),2520,Fiscal Services,0.0,57150.0,0.0,57150.0
2015,05-016-0650-04_AFR15 Evanston CCSD 65.xlsm,SUPPORT SERVICES (MR/SS),2540,Operation & Maintenance,0.0,540587.0,0.0,540587.0
2015,05-016-0650-04_AFR15 Evanston CCSD 65.xlsm,SUPPORT SERVICES (MR/SS),2550,Pupil Transportation,0.0,64459.0,0.0,64459.0
2015,05-016-0650-04_AFR15 Evanston CCSD 65.xlsm,SUPPORT SERVICES (MR/SS),2560,Food Services,0.0,136849.0,0.0,136849.0
2015,05-016-0650-04_AFR15 Evanston CCSD 65.xlsm,SUPPORT SERVICES (MR/SS),2570,Internal Services,0.0,40507.0,0.0,40507.0
2015,05-016-0650-04_AFR15 Evanston CCSD 65.xlsm,SUPPORT SERVICES (MR/SS),2500,Business Services (total),0.0,920190.0,0.0,920190.0
2015,05-016-0650-04_AFR15 Evanston CCSD 65.xlsm,SUPPORT SERVICES (MR/SS),2610,Direction of Central Support Services,0.0,0.0,0.0,0.0
2015,05-016-0650-04_AFR15 Evanston CCSD 65.xlsm,SUPPORT SERVICES (MR/SS),2620,"Planning, Research, Development, Evaluation",0.0,85084.0,0.0,85084.0
2015,05-016-0650-04_AFR15 Evanston CCSD 65.xlsm,SUPPORT SERVICES (MR/SS),2630,Information Services,0.0,14639.0,0.0,14639.0
2015,05-016-0650-04_AFR15 Evanston CCSD 65.xlsm,SUPPORT SERVICES (MR/SS),2640,Staff Services,0.0,70775.0,0.0,70775.0
2015,05-016-0650-04_AFR15 Evanston CCSD 65.xlsm,SUPPORT SERVICES (MR/SS),2660,Data Processing,0.0,84727.0,0.0,84727.0
2015,05-016-0650-04_AFR15 Evanston CCSD 65.xlsm,SUPPORT SERVICES (MR/SS),2600,Central Support Services (total),0.0,255225.0,0.0,255225.0
2015,05-016-0650-04_AFR15 Evanston CCSD 65.xlsm,SUPPORT SERVICES (FP&S),2540,Operation & Maintenance,0.0,0.0,0.0,178000.0
2015,05-016-0650-04_AFR15 Evanston CCSD 65.xlsm,SUPPORT SERVICES (FP&S),2500,Business Services (total),0.0,0.0,0.0,178000.0
2016,05-016-0650-04_AFR16 Evanston CCSD 65.xlsx,SUPPORT SERVICES (ED),2310,Board of Education,61202.0,21488.0,77808.0,224665.0
2016,05-016-0650-04_AFR16 Evanston CCSD 65.xlsx,SUPPORT SERVICES (ED),2320,Executive Administration,390916.0,70937.0,3643.0,469671.0
2016,05-016-0650-04_AFR16 Evanston CCSD 65.xlsx,SUPPORT SERVICES (ED),2330,Special Area Administration,965846.0,169802.0,22401.0,1162068.0
2016,05-016-0650-04_AFR16 Evanston CCSD 65.xlsx,SUPPORT SERVICES (ED),2300,General Administration (total),1417964.0,262227.0,103852.0,1856404.0
2016,05-016-0650-04_AFR16 Evanston CCSD 65.xlsx,SUPPORT SERVICES (ED),2410,Office of the Principal,4481248.0,516431.0,65566.0,5063245.0
2016,05-016-0650-04_AFR16 Evanston CCSD 65.xlsx,SUPPORT SERVICES (ED),2490,Other School Administration,53658.0,1560.0,0.0,55218.0
2016,05-016-0650-04_AFR16 Evanston CCSD 65.xlsx,SUPPORT SERVICES (ED),2400,School Administration (total),4534906.0,517991.0,65566.0,5118463.0
2016,05-016-0650-04_AFR16 Evanston CCSD 65.xlsx,SUPPORT SERVICES (ED),2510,Direction of Business Support Services,440554.0,60421.0,19239.0,523186.0
2016,05-016-0650-04_AFR16 Evanston CCSD 65.xlsx,SUPPORT SERVICES (ED),2520,Fiscal Services,420649.0,67321.0,39055.0,529844.0
2016,05-016-0650-04_AFR16 Evanston CCSD 65.xlsx,SUPPORT SERVICES (ED),2540,Operation & Maintenance,0.0,0.0,0.0,0.0
2016,05-016-0650-04_AFR16 Evanston CCSD 65.xlsx,SUPPORT SERVICES (ED),2550,Pupil Transportation,0.0,0.0,0.0,0.0
2016,05-016-0650-04_AFR16 Evanston CCSD 65.xlsx,SUPPORT SERVICES (ED),2560,Food Services,837031.0,105964.0,51184.0,2166999.0
2016,05-016-0650-04_AFR16 Evanston CCSD 65.xlsx,SUPPORT SERVICES (ED),2570,Internal Services,0.0,0.0,398570.0,411350.0
2016,05-016-0650-04_AFR16 Evanston CCSD 65.xlsx,SUPPORT SERVICES (ED),2500,Business Services (total),1698234.0,233706.0,508048.0,3631379.0
2016,05-016-0650-04_AFR16 Evanston CCSD 65.xlsx,SUPPORT SERVICES (ED),2610,Direction of Central Support Services,0.0,0.0,0.0,0.0
2016,05-016-0650-04_AFR16 Evanston CCSD 65.xlsx,SUPPORT SERVICES (ED),2620,"Planning, Research, Development, Evaluation",486815.0,71762.0,86031.0,721540.0
2016,05-016-0650-04_AFR16 Evanston CCSD 65.xlsx,SUPPORT SERVICES (ED),2630,Information Services,99712.0,5301.0,40170.0,146073.0
2016,05-016-0650-04_AFR16 Evanston CCSD 65.xlsx,SUPPORT SERVICES (ED),2640,Staff Services,576684.0,160330.0,167907.0,914170.0
2016,05-016-0650-04_AFR16 Evanston CCSD 65.xlsx,SUPPORT SERVICES (ED),2660,Data Processing,514432.0,63725.0,252022.0,951466.0
2016,05-016-0650-04_AFR16 Evanston CCSD 65.xlsx,SUPPORT SERVICES (ED),2600,Central Support Services (total),1677643.0,301118.0,546130.0,2733249.0
2016,05-016-0650-04_AFR16 Evanston CCSD 65.xlsx,SUPPORT SERVICES (O&M),2510,Direction of Business Support Services,0.0,0.0,0.0,0.0
2016,05-016-0650-04_AFR16 Evanston CCSD 65.xlsx,SUPPORT SERVICES (O&M),2540,Operation & Maintenance,3409594.0,438365.0,1504038.0,7286635.0
2016,05-016-0650-04_AFR16 Evanston CCSD 65.xlsx,SUPPORT SERVICES (O&M),2550,Pupil Transportation,0.0,0.0,0.0,0.0
2016,05-016-0650-04_AFR16 Evanston CCSD 65.xlsx,SUPPORT SERVICES (O&M),2560,Food Services,0.0,0.0,0.0,0.0
2016,05-016-0650-04_AFR16 Evanston CCSD 65.xlsx,SUPPORT SERVICES (O&M),2500,Business Services (total),3409594.0,438365.0,1504038.0,7286635.0
2016,05-016-0650-04_AFR16 Evanston CCSD 65.xlsx,SUPPORT SERVICES (TR),2550,Pupil Transportation,403292.0,19965.0,3483889.0,4022487.0
2016,05-016-0650-04_AFR16 Evanston CCSD 65.xlsx,SUPPORT SERVICES (MR/SS),2310,Board of Education,0.0,10355.0,0.0,10355.0
2016,05-016-0650-04_AFR16 Evanston CCSD 65.xlsx,SUPPORT SERVICES (MR/SS),2320,Executive Administration,0.0,27788.0,0.0,27788.0
2016,05-016-0650-04_AFR16 Evanston CCSD 65.xlsx,SUPPORT SERVICES (MR/SS),2330,Special Area Administration,0.0,30240.0,0.0,30240.0
2016,05-016-0650-04_AFR16 Evanston CCSD 65.xlsx,SUPPORT SERVICES (MR/SS),2300,General Administration (total),0.0,68383.0,0.0,68383.0
2016,05-016-0650-04_AFR16 Evanston CCSD 65.xlsx,SUPPORT SERVICES (MR/SS),2410,Office of the Principal,0.0,181035.0,0.0,181035.0
2016,05-016-0650-04_AFR16 Evanston CCSD 65.xlsx,SUPPORT SERVICES (MR/SS),2490,Other School Administration,0.0,749.0,0.0,749.0
2016,05-016-0650-04_AFR16 Evanston CCSD 65.xlsx,SUPPORT SERVICES (MR/SS),2400,School Administration (total),0.0,181784.0,0.0,181784.0
2016,05-016-0650-04_AFR16 Evanston CCSD 65.xlsx,SUPPORT SERVICES (MR/SS),2510,Direction of Business Support Services,0.0,41880.0,0.0,41880.0
2016,05-016-0650-04_AFR16 Evanston CCSD 65.xlsx,SUPPORT SERVICES (MR/SS),2520,Fiscal Services,0.0,50462.0,0.0,50462.0
2016,05-016-0650-04_AFR16 Evanston CCSD 65.xlsx,SUPPORT SERVICES (MR/SS),2540,Operation & Maintenance,0.0,547698.0,0.0,547698.0
2016,05-016-0650-04_AFR16 Evanston CCSD 65.xlsx,SUPPORT SERVICES (MR/SS),2550,Pupil Transportation,0.0,83264.0,0.0,83264.0
2016,05-016-0650-04_AFR16 Evanston CCSD 65.xlsx,SUPPORT SERVICES (MR/SS),2560,Food Services,0.0,131667.0,0.0,131667.0
2016,05-016-0650-04_AFR16 Evanston CCSD 65.xlsx,SUPPORT SERVICES (MR/SS),2570,Internal Services,0.0,41713.0,0.0,41713.0
2016,05-016-0650-04_AFR16 Evanston CCSD 65.xlsx,SUPPORT SERVICES (MR/SS),2500,Business Services (total),0.0,930132.0,0.0,930132.0
2016,05-016-0650-04_AFR16 Evanston CCSD 65.xlsx,SUPPORT SERVICES (MR/SS),2610,Direction of Central Support Services,0.0,0.0,0.0,0.0
2016,05-016-0650-04_AFR16 Evanston CCSD 65.xlsx,SUPPORT SERVICES (MR/SS),2620,"Planning, Research, Development, Evaluation",0.0,81890.0,0.0,81890.0
2016,05-016-0650-04_AFR16 Evanston CCSD 65.xlsx,SUPPORT SERVICES (MR/SS),2630,Information Services,0.0,14808.0,0.0,14808.0
2016,05-016-0650-04_AFR16 Evanston CCSD 65.xlsx,SUPPORT SERVICES (MR/SS),2640,Staff Services,0.0,65544.0,0.0,65544.0
2016,05-016-0650-04_AFR16 Evanston CCSD 65.xlsx,SUPPORT SERVICES (MR/SS),2660,Data Processing,0.0,75411.0,0.0,75411.0
2016,05-016-0650-04_AFR16 Evanston CCSD 65.xlsx,SUPPORT SERVICES (MR/SS),2600,Central Support Services (total),0.0,237653.0,0.0,237653.0
2016,05-016-0650-04_AFR16 Evanston CCSD 65.xlsx,SUPPORT SERVICES (FP&S),2540,Operation & Maintenance,0.0,0.0,0.0,310944.0
2016,05-016-0650-04_AFR16 Evanston CCSD 65.xlsx,SUPPORT SERVICES (FP&S),2500,Business Services (total),0.0,0.0,0.0,310944.0
2017,05-016-0650-04_AFR17 Evanston CCSD 65.xlsx,SUPPORT SERVICES (ED),2310,Board of Education,64905.0,21238.0,113136.0,264175.0
2017,05-016-0650-04_AFR17 Evanston CCSD 65.xlsx,SUPPORT SERVICES (ED),2320,Executive Administration,357189.0,71281.0,3817.0,433102.0
2017,05-016-0650-04_AFR17 Evanston CCSD 65.xlsx,SUPPORT SERVICES (ED),2330,Special Area Administration,1546708.0,290810.0,18544.0,2174213.0
2017,05-016-0650-04_AFR17 Evanston CCSD 65.xlsx,SUPPORT SERVICES (ED),2300,General Administration (total),1968802.0,383329.0,135497.0,2871490.0
2017,05-016-0650-04_AFR17 Evanston CCSD 65.xlsx,SUPPORT SERVICES (ED),2410,Office of the Principal,4465975.0,552493.0,48441.0,5066909.0
2017,05-016-0650-04_AFR17 Evanston CCSD 65.xlsx,SUPPORT SERVICES (ED),2490,Other School Administration,50372.0,1237.0,0.0,51609.0
2017,05-016-0650-04_AFR17 Evanston CCSD 65.xlsx,SUPPORT SERVICES (ED),2400,School Administration (total),4516347.0,553730.0,48441.0,5118518.0
2017,05-016-0650-04_AFR17 Evanston CCSD 65.xlsx,SUPPORT SERVICES (ED),2510,Direction of Business Support Services,419687.0,50828.0,18619.0,490900.0
2017,05-016-0650-04_AFR17 Evanston CCSD 65.xlsx,SUPPORT SERVICES (ED),2520,Fiscal Services,423530.0,76264.0,8245.0,510479.0
2017,05-016-0650-04_AFR17 Evanston CCSD 65.xlsx,SUPPORT SERVICES (ED),2540,Operation & Maintenance,0.0,0.0,0.0,0.0
2017,05-016-0650-04_AFR17 Evanston CCSD 65.xlsx,SUPPORT SERVICES (ED),2550,Pupil Transportation,0.0,0.0,0.0,0.0
2017,05-016-0650-04_AFR17 Evanston CCSD 65.xlsx,SUPPORT SERVICES (ED),2560,Food Services,798362.0,97397.0,72307.0,2126147.0
2017,05-016-0650-04_AFR17 Evanston CCSD 65.xlsx,SUPPORT SERVICES (ED),2570,Internal Services,0.0,0.0,0.0,0.0
2017,05-016-0650-04_AFR17 Evanston CCSD 65.xlsx,SUPPORT SERVICES (ED),2500,Business Services (total),1641579.0,224489.0,99171.0,3127526.0
2017,05-016-0650-04_AFR17 Evanston CCSD 65.xlsx,SUPPORT SERVICES (ED),2610,Direction of Central Support Services,0.0,0.0,0.0,0.0
2017,05-016-0650-04_AFR17 Evanston CCSD 65.xlsx,SUPPORT SERVICES (ED),2620,"Planning, Research, Development, Evaluation",603390.0,85923.0,58430.0,750204.0
2017,05-016-0650-04_AFR17 Evanston CCSD 65.xlsx,SUPPORT SERVICES (ED),2630,Information Services,99876.0,9445.0,34988.0,146154.0
2017,05-016-0650-04_AFR17 Evanston CCSD 65.xlsx,SUPPORT SERVICES (ED),2640,Staff Services,565758.0,150755.0,115395.0,844568.0
2017,05-016-0650-04_AFR17 Evanston CCSD 65.xlsx,SUPPORT SERVICES (ED),2660,Data Processing,874496.0,154823.0,832605.0,2383321.0
2017,05-016-0650-04_AFR17 Evanston CCSD 65.xlsx,SUPPORT SERVICES (ED),2600,Central Support Services (total),2143520.0,400946.0,1041418.0,4124247.0
2017,05-016-0650-04_AFR17 Evanston CCSD 65.xlsx,SUPPORT SERVICES (O&M),2510,Direction of Business Support Services,0.0,0.0,0.0,0.0
2017,05-016-0650-04_AFR17 Evanston CCSD 65.xlsx,SUPPORT SERVICES (O&M),2540,Operation & Maintenance,3387724.0,350236.0,1264684.0,6462422.0
2017,05-016-0650-04_AFR17 Evanston CCSD 65.xlsx,SUPPORT SERVICES (O&M),2550,Pupil Transportation,0.0,0.0,0.0,0.0
2017,05-016-0650-04_AFR17 Evanston CCSD 65.xlsx,SUPPORT SERVICES (O&M),2560,Food Services,0.0,0.0,0.0,0.0
2017,05-016-0650-04_AFR17 Evanston CCSD 65.xlsx,SUPPORT SERVICES (O&M),2500,Business Services (total),3387724.0,350236.0,1264684.0,6462422.0
2017,05-016-0650-04_AFR17 Evanston CCSD 65.xlsx,SUPPORT SERVICES (TR),2550,Pupil Transportation,391284.0,15746.0,3257587.0,3733809.0
2017,05-016-0650-04_AFR17 Evanston CCSD 65.xlsx,SUPPORT SERVICES (MR/SS),2310,Board of Education,0.0,10583.0,0.0,10583.0
2017,05-016-0650-04_AFR17 Evanston CCSD 65.xlsx,SUPPORT SERVICES (MR/SS),2320,Executive Administration,0.0,22822.0,0.0,22822.0
2017,05-016-0650-04_AFR17 Evanston CCSD 65.xlsx,SUPPORT SERVICES (MR/SS),2330,Special Area Administration,0.0,99832.0,0.0,99832.0
2017,05-016-0650-04_AFR17 Evanston CCSD 65.xlsx,SUPPORT SERVICES (MR/SS),2300,General Administration (total),0.0,133237.0,0.0,133237.0
2017,05-016-0650-04_AFR17 Evanston CCSD 65.xlsx,SUPPORT SERVICES (MR/SS),2410,Office of the Principal,0.0,178750.0,0.0,178750.0
2017,05-016-0650-04_AFR17 Evanston CCSD 65.xlsx,SUPPORT SERVICES (MR/SS),2490,Other School Administration,0.0,714.0,0.0,714.0
2017,05-016-0650-04_AFR17 Evanston CCSD 65.xlsx,SUPPORT SERVICES (MR/SS),2400,School Administration (total),0.0,179464.0,0.0,179464.0
2017,05-016-0650-04_AFR17 Evanston CCSD 65.xlsx,SUPPORT SERVICES (MR/SS),2510,Direction of Business Support Services,0.0,37307.0,0.0,37307.0
2017,05-016-0650-04_AFR17 Evanston CCSD 65.xlsx,SUPPORT SERVICES (MR/SS),2520,Fiscal Services,0.0,50773.0,0.0,50773.0
2017,05-016-0650-04_AFR17 Evanston CCSD 65.xlsx,SUPPORT SERVICES (MR/SS),2540,Operation & Maintenance,0.0,529312.0,0.0,529312.0
2017,05-016-0650-04_AFR17 Evanston CCSD 65.xlsx,SUPPORT SERVICES (MR/SS),2550,Pupil Transportation,0.0,79971.0,0.0,79971.0
2017,05-016-0650-04_AFR17 Evanston CCSD 65.xlsx,SUPPORT SERVICES (MR/SS),2560,Food Services,0.0,128046.0,0.0,128046.0
2017,05-016-0650-04_AFR17 Evanston CCSD 65.xlsx,SUPPORT SERVICES (MR/SS),2570,Internal Services,0.0,40736.0,0.0,40736.0
2017,05-016-0650-04_AFR17 Evanston CCSD 65.xlsx,SUPPORT SERVICES (MR/SS),2500,Business Services (total),0.0,895437.0,0.0,895437.0
2017,05-016-0650-04_AFR17 Evanston CCSD 65.xlsx,SUPPORT SERVICES (MR/SS),2610,Direction of Central Support Services,0.0,0.0,0.0,0.0
2017,05-016-0650-04_AFR17 Evanston CCSD 65.xlsx,SUPPORT SERVICES (MR/SS),2620,"Planning, Research, Development, Evaluation",0.0,102352.0,0.0,102352.0
2017,05-016-0650-04_AFR17 Evanston CCSD 65.xlsx,SUPPORT SERVICES (MR/SS),2630,Information Services,0.0,14517.0,0.0,14517.0
2017,05-016-0650-04_AFR17 Evanston CCSD 65.xlsx,SUPPORT SERVICES (MR/SS),2640,Staff Services,0.0,63779.0,0.0,63779.0
2017,05-016-0650-04_AFR17 Evanston CCSD 65.xlsx,SUPPORT SERVICES (MR/SS),2660,Data Processing,0.0,147435.0,0.0,147435.0
2017,05-016-0650-04_AFR17 Evanston CCSD 65.xlsx,SUPPORT SERVICES (MR/SS),2600,Central Support Services (total),0.0,328083.0,0.0,328083.0
2017,05-016-0650-04_AFR17 Evanston CCSD 65.xlsx,SUPPORT SERVICES (FP&S),2540,Operation & Maintenance,0.0,0.0,0.0,69900.0
2017,05-016-0650-04_AFR17 Evanston CCSD 65.xlsx,SUPPORT SERVICES (FP&S),2500,Business Services (total),0.0,0.0,0.0,69900.0
2018,05-016-0650-04_AFR18 Evanston CCSD 65.xlsx,SUPPORT SERVICES (ED),2310,Board of Education,63874.0,21258.0,59909.0,199038.0
2018,05-016-0650-04_AFR18 Evanston CCSD 65.xlsx,SUPPORT SERVICES (ED),2320,Executive Administration,370712.0,72810.0,5696.0,454369.0
2018,05-016-0650-04_AFR18 Evanston CCSD 65.xlsx,SUPPORT SERVICES (ED),2330,Special Area Administration,1964445.0,229142.0,23710.0,2481757.0
2018,05-016-0650-04_AFR18 Evanston CCSD 65.xlsx,SUPPORT SERVICES (ED),2300,General Administration (total),2399031.0,323210.0,89315.0,3135164.0
2018,05-016-0650-04_AFR18 Evanston CCSD 65.xlsx,SUPPORT SERVICES (ED),2410,Office of the Principal,4507435.0,490177.0,49740.0,5047352.0
2018,05-016-0650-04_AFR18 Evanston CCSD 65.xlsx,SUPPORT SERVICES (ED),2490,Other School Administration,80250.0,1293.0,0.0,81543.0
2018,05-016-0650-04_AFR18 Evanston CCSD 65.xlsx,SUPPORT SERVICES (ED),2400,School Administration (total),4587685.0,491470.0,49740.0,5128895.0
2018,05-016-0650-04_AFR18 Evanston CCSD 65.xlsx,SUPPORT SERVICES (ED),2510,Direction of Business Support Services,356039.0,52536.0,19617.0,430419.0
2018,05-016-0650-04_AFR18 Evanston CCSD 65.xlsx,SUPPORT SERVICES (ED),2520,Fiscal Services,436389.0,77542.0,5917.0,522930.0
2018,05-016-0650-04_AFR18 Evanston CCSD 65.xlsx,SUPPORT SERVICES (ED),2540,Operation & Maintenance,0.0,0.0,0.0,0.0
2018,05-016-0650-04_AFR18 Evanston CCSD 65.xlsx,SUPPORT SERVICES (ED),2550,Pupil Transportation,0.0,0.0,0.0,0.0
2018,05-016-0650-04_AFR18 Evanston CCSD 65.xlsx,SUPPORT SERVICES (ED),2560,Food Services,791773.0,98375.0,55991.0,2133798.0
2018,05-016-0650-04_AFR18 Evanston CCSD 65.xlsx,SUPPORT SERVICES (ED),2570,Internal Services,0.0,0.0,0.0,0.0
2018,05-016-0650-04_AFR18 Evanston CCSD 65.xlsx,SUPPORT SERVICES (ED),2500,Business Services (total),1584201.0,228453.0,81525.0,3087147.0
2018,05-016-0650-04_AFR18 Evanston CCSD 65.xlsx,SUPPORT SERVICES (ED),2610,Direction of Central Support Services,0.0,0.0,0.0,0.0
2018,05-016-0650-04_AFR18 Evanston CCSD 65.xlsx,SUPPORT SERVICES (ED),2620,"Planning, Research, Development, Evaluation",606717.0,57510.0,6044.0,672273.0
2018,05-016-0650-04_AFR18 Evanston CCSD 65.xlsx,SUPPORT SERVICES (ED),2630,Information Services,107770.0,22257.0,36001.0,167830.0
2018,05-016-0650-04_AFR18 Evanston CCSD 65.xlsx,SUPPORT SERVICES (ED),2640,Staff Services,536008.0,150433.0,130248.0,826138.0
2018,05-016-0650-04_AFR18 Evanston CCSD 65.xlsx,SUPPORT SERVICES (ED),2660,Data Processing,888867.0,155475.0,2917324.0,5233350.0
2018,05-016-0650-04_AFR18 Evanston CCSD 65.xlsx,SUPPORT SERVICES (ED),2600,Central Support Services (total),2139362.0,385675.0,3089617.0,6899591.0
2018,05-016-0650-04_AFR18 Evanston CCSD 65.xlsx,SUPPORT SERVICES (O&M),2510,Direction of Business Support Services,0.0,0.0,0.0,0.0
2018,05-016-0650-04_AFR18 Evanston CCSD 65.xlsx,SUPPORT SERVICES (O&M),2540,Operation & Maintenance,3296646.0,410801.0,1663300.0,6971649.0
2018,05-016-0650-04_AFR18 Evanston CCSD 65.xlsx,SUPPORT SERVICES (O&M),2550,Pupil Transportation,0.0,0.0,0.0,0.0
2018,05-016-0650-04_AFR18 Evanston CCSD 65.xlsx,SUPPORT SERVICES (O&M),2560,Food Services,0.0,0.0,0.0,0.0
2018,05-016-0650-04_AFR18 Evanston CCSD 65.xlsx,SUPPORT SERVICES (O&M),2500,Business Services (total),3296646.0,410801.0,1663300.0,6971649.0
2018,05-016-0650-04_AFR18 Evanston CCSD 65.xlsx,SUPPORT SERVICES (TR),2550,Pupil Transportation,424303.0,33009.0,3794784.0,4270988.0
2018,05-016-0650-04_AFR18 Evanston CCSD 65.xlsx,SUPPORT SERVICES (MR/SS),2310,Board of Education,0.0,10394.0,0.0,10394.0
2018,05-016-0650-04_AFR18 Evanston CCSD 65.xlsx,SUPPORT SERVICES (MR/SS),2320,Executive Administration,0.0,22793.0,0.0,22793.0
2018,05-016-0650-04_AFR18 Evanston CCSD 65.xlsx,SUPPORT SERVICES (MR/SS),2330,Special Area Administration,0.0,115454.0,0.0,115454.0
2018,05-016-0650-04_AFR18 Evanston CCSD 65.xlsx,SUPPORT SERVICES (MR/SS),2300,General Administration (total),0.0,148870.0,0.0,148870.0
2018,05-016-0650-04_AFR18 Evanston CCSD 65.xlsx,SUPPORT SERVICES (MR/SS),2410,Office of the Principal,0.0,181762.0,0.0,181762.0
2018,05-016-0650-04_AFR18 Evanston CCSD 65.xlsx,SUPPORT SERVICES (MR/SS),2490,Other School Administration,0.0,1361.0,0.0,1361.0
2018,05-016-0650-04_AFR18 Evanston CCSD 65.xlsx,SUPPORT SERVICES (MR/SS),2400,School Administration (total),0.0,183123.0,0.0,183123.0
2018,05-016-0650-04_AFR18 Evanston CCSD 65.xlsx,SUPPORT SERVICES (MR/SS),2510,Direction of Business Support Services,0.0,37156.0,0.0,37156.0
2018,05-016-0650-04_AFR18 Evanston CCSD 65.xlsx,SUPPORT SERVICES (MR/SS),2520,Fiscal Services,0.0,52871.0,0.0,52871.0
2018,05-016-0650-04_AFR18 Evanston CCSD 65.xlsx,SUPPORT SERVICES (MR/SS),2540,Operation & Maintenance,0.0,512428.0,0.0,512428.0
2018,05-016-0650-04_AFR18 Evanston CCSD 65.xlsx,SUPPORT SERVICES (MR/SS),2550,Pupil Transportation,0.0,85851.0,0.0,85851.0
2018,05-016-0650-04_AFR18 Evanston CCSD 65.xlsx,SUPPORT SERVICES (MR/SS),2560,Food Services,0.0,127710.0,0.0,127710.0
2018,05-016-0650-04_AFR18 Evanston CCSD 65.xlsx,SUPPORT SERVICES (MR/SS),2570,Internal Services,0.0,36862.0,0.0,36862.0
2018,05-016-0650-04_AFR18 Evanston CCSD 65.xlsx,SUPPORT SERVICES (MR/SS),2500,Business Services (total),0.0,874210.0,0.0,874210.0
2018,05-016-0650-04_AFR18 Evanston CCSD 65.xlsx,SUPPORT SERVICES (MR/SS),2610,Direction of Central Support Services,0.0,0.0,0.0,0.0
2018,05-016-0650-04_AFR18 Evanston CCSD 65.xlsx,SUPPORT SERVICES (MR/SS),2620,"Planning, Research, Development, Evaluation",0.0,104146.0,0.0,104146.0
2018,05-016-0650-04_AFR18 Evanston CCSD 65.xlsx,SUPPORT SERVICES (MR/SS),2630,Information Services,0.0,15543.0,0.0,15543.0
2018,05-016-0650-04_AFR18 Evanston CCSD 65.xlsx,SUPPORT SERVICES (MR/SS),2640,Staff Services,0.0,58503.0,0.0,58503.0
2018,05-016-0650-04_AFR18 Evanston CCSD 65.xlsx,SUPPORT SERVICES (MR/SS),2660,Data Processing,0.0,147720.0,0.0,147720.0
2018,05-016-0650-04_AFR18 Evanston CCSD 65.xlsx,SUPPORT SERVICES (MR/SS),2600,Central Support Services (total),0.0,325912.0,0.0,325912.0
2018,05-016-0650-04_AFR18 Evanston CCSD 65.xlsx,SUPPORT SERVICES (FP&S),2540,Operation & Maintenance,0.0,0.0,0.0,64000.0
2018,05-016-0650-04_AFR18 Evanston CCSD 65.xlsx,SUPPORT SERVICES (FP&S),2500,Business Services (total),0.0,0.0,0.0,64000.0
2019,05-016-0650-04_AFR19 Evanston CCSD 65.xlsx,SUPPORT SERVICES (ED),2310,Board of Education,62105.0,20436.0,82584.0,218629.0
2019,05-016-0650-04_AFR19 Evanston CCSD 65.xlsx,SUPPORT SERVICES (ED),2320,Executive Administration,401456.0,71746.0,4499.0,484710.0
2019,05-016-0650-04_AFR19 Evanston CCSD 65.xlsx,SUPPORT SERVICES (ED),2330,Special Area Administration,1734244.0,210166.0,330001.0,2279483.0
2019,05-016-0650-04_AFR19 Evanston CCSD 65.xlsx,SUPPORT SERVICES (ED),2300,General Administration (total),2197805.0,302348.0,417084.0,2982822.0
2019,05-016-0650-04_AFR19 Evanston CCSD 65.xlsx,SUPPORT SERVICES (ED),2410,Office of the Principal,4596030.0,511497.0,122664.0,5230191.0
2019,05-016-0650-04_AFR19 Evanston CCSD 65.xlsx,SUPPORT SERVICES (ED),2490,Other School Administration,66390.0,1242.0,0.0,67632.0
2019,05-016-0650-04_AFR19 Evanston CCSD 65.xlsx,SUPPORT SERVICES (ED),2400,School Administration (total),4662420.0,512739.0,122664.0,5297823.0
2019,05-016-0650-04_AFR19 Evanston CCSD 65.xlsx,SUPPORT SERVICES (ED),2510,Direction of Business Support Services,355145.0,45565.0,12035.0,416237.0
2019,05-016-0650-04_AFR19 Evanston CCSD 65.xlsx,SUPPORT SERVICES (ED),2520,Fiscal Services,430628.0,54446.0,52898.0,544026.0
2019,05-016-0650-04_AFR19 Evanston CCSD 65.xlsx,SUPPORT SERVICES (ED),2540,Operation & Maintenance,0.0,0.0,0.0,0.0
2019,05-016-0650-04_AFR19 Evanston CCSD 65.xlsx,SUPPORT SERVICES (ED),2550,Pupil Transportation,0.0,0.0,0.0,0.0
2019,05-016-0650-04_AFR19 Evanston CCSD 65.xlsx,SUPPORT SERVICES (ED),2560,Food Services,841879.0,106302.0,61511.0,2169619.0
2019,05-016-0650-04_AFR19 Evanston CCSD 65.xlsx,SUPPORT SERVICES (ED),2570,Internal Services,0.0,0.0,0.0,0.0
2019,05-016-0650-04_AFR19 Evanston CCSD 65.xlsx,SUPPORT SERVICES (ED),2500,Business Services (total),1627652.0,206313.0,126444.0,3129882.0
2019,05-016-0650-04_AFR19 Evanston CCSD 65.xlsx,SUPPORT SERVICES (ED),2610,Direction of Central Support Services,0.0,0.0,0.0,0.0
2019,05-016-0650-04_AFR19 Evanston CCSD 65.xlsx,SUPPORT SERVICES (ED),2620,"Planning, Research, Development, Evaluation",576674.0,52392.0,2496.0,633509.0
2019,05-016-0650-04_AFR19 Evanston CCSD 65.xlsx,SUPPORT SERVICES (ED),2630,Information Services,110018.0,11941.0,12613.0,135950.0
2019,05-016-0650-04_AFR19 Evanston CCSD 65.xlsx,SUPPORT SERVICES (ED),2640,Staff Services,615308.0,165965.0,98960.0,892096.0
2019,05-016-0650-04_AFR19 Evanston CCSD 65.xlsx,SUPPORT SERVICES (ED),2660,Data Processing,1090467.0,166717.0,2579952.0,5127539.0
2019,05-016-0650-04_AFR19 Evanston CCSD 65.xlsx,SUPPORT SERVICES (ED),2600,Central Support Services (total),2392467.0,397015.0,2694021.0,6789094.0
2019,05-016-0650-04_AFR19 Evanston CCSD 65.xlsx,SUPPORT SERVICES (O&M),2510,Direction of Business Support Services,0.0,0.0,0.0,0.0
2019,05-016-0650-04_AFR19 Evanston CCSD 65.xlsx,SUPPORT SERVICES (O&M),2540,Operation & Maintenance,3632942.0,473137.0,1871286.0,8876266.0
2019,05-016-0650-04_AFR19 Evanston CCSD 65.xlsx,SUPPORT SERVICES (O&M),2550,Pupil Transportation,0.0,0.0,0.0,0.0
2019,05-016-0650-04_AFR19 Evanston CCSD 65.xlsx,SUPPORT SERVICES (O&M),2560,Food Services,0.0,0.0,0.0,0.0
2019,05-016-0650-04_AFR19 Evanston CCSD 65.xlsx,SUPPORT SERVICES (O&M),2500,Business Services (total),3632942.0,473137.0,1871286.0,8876266.0
2019,05-016-0650-04_AFR19 Evanston CCSD 65.xlsx,SUPPORT SERVICES (TR),2550,Pupil Transportation,478067.0,32598.0,4157042.0,4770179.0
2019,05-016-0650-04_AFR19 Evanston CCSD 65.xlsx,SUPPORT SERVICES (MR/SS),2310,Board of Education,0.0,9195.0,0.0,9195.0
2019,05-016-0650-04_AFR19 Evanston CCSD 65.xlsx,SUPPORT SERVICES (MR/SS),2320,Executive Administration,0.0,27584.0,0.0,27584.0
2019,05-016-0650-04_AFR19 Evanston CCSD 65.xlsx,SUPPORT SERVICES (MR/SS),2330,Special Area Administration,0.0,68083.0,0.0,68083.0
2019,05-016-0650-04_AFR19 Evanston CCSD 65.xlsx,SUPPORT SERVICES (MR/SS),2300,General Administration (total),0.0,105436.0,0.0,105436.0
2019,05-016-0650-04_AFR19 Evanston CCSD 65.xlsx,SUPPORT SERVICES (MR/SS),2410,Office of the Principal,0.0,174094.0,0.0,174094.0
2019,05-016-0650-04_AFR19 Evanston CCSD 65.xlsx,SUPPORT SERVICES (MR/SS),2490,Other School Administration,0.0,1670.0,0.0,1670.0
2019,05-016-0650-04_AFR19 Evanston CCSD 65.xlsx,SUPPORT SERVICES (MR/SS),2400,School Administration (total),0.0,175764.0,0.0,175764.0
2019,05-016-0650-04_AFR19 Evanston CCSD 65.xlsx,SUPPORT SERVICES (MR/SS),2510,Direction of Business Support Services,0.0,21311.0,0.0,21311.0
2019,05-016-0650-04_AFR19 Evanston CCSD 65.xlsx,SUPPORT SERVICES (MR/SS),2520,Fiscal Services,0.0,40807.0,0.0,40807.0
2019,05-016-0650-04_AFR19 Evanston CCSD 65.xlsx,SUPPORT SERVICES (MR/SS),2540,Operation & Maintenance,0.0,529651.0,0.0,529651.0
2019,05-016-0650-04_AFR19 Evanston CCSD 65.xlsx,SUPPORT SERVICES (MR/SS),2550,Pupil Transportation,0.0,93932.0,0.0,93932.0
2019,05-016-0650-04_AFR19 Evanston CCSD 65.xlsx,SUPPORT SERVICES (MR/SS),2560,Food Services,0.0,126613.0,0.0,126613.0
2019,05-016-0650-04_AFR19 Evanston CCSD 65.xlsx,SUPPORT SERVICES (MR/SS),2570,Internal Services,0.0,38249.0,0.0,38249.0
2019,05-016-0650-04_AFR19 Evanston CCSD 65.xlsx,SUPPORT SERVICES (MR/SS),2500,Business Services (total),0.0,868403.0,0.0,868403.0
2019,05-016-0650-04_AFR19 Evanston CCSD 65.xlsx,SUPPORT SERVICES (MR/SS),2610,Direction of Central Support Services,0.0,0.0,0.0,0.0
2019,05-016-0650-04_AFR19 Evanston CCSD 65.xlsx,SUPPORT SERVICES (MR/SS),2620,"Planning, Research, Development, Evaluation",0.0,88762.0,0.0,88762.0
2019,05-016-0650-04_AFR19 Evanston CCSD 65.xlsx,SUPPORT SERVICES (MR/SS),2630,Information Services,0.0,15096.0,0.0,15096.0
2019,05-016-0650-04_AFR19 Evanston CCSD 65.xlsx,SUPPORT SERVICES (MR/SS),2640,Staff Services,0.0,64636.0,0.0,64636.0
2019,05-016-0650-04_AFR19 Evanston CCSD 65.xlsx,SUPPORT SERVICES (MR/SS),2660,Data Processing,0.0,154076.0,0.0,154076.0
2019,05-016-0650-04_AFR19 Evanston CCSD 65.xlsx,SUPPORT SERVICES (MR/SS),2600,Central Support Services (total),0.0,322570.0,0.0,322570.0
2019,05-016-0650-04_AFR19 Evanston CCSD 65.xlsx,SUPPORT SERVICES (FP&S),2540,Operation & Maintenance,0.0,0.0,837.0,106998.0
2019,05-016-0650-04_AFR19 Evanston CCSD 65.xlsx,SUPPORT SERVICES (FP&S),2500,Business Services (total),0.0,0.0,837.0,106998.0
2020,05-016-0650-04_AFR20   Evanston CCSD 65.xlsx,SUPPORT SERVICES (ED),2310,Board of Education,64320.0,21285.0,64572.0,201239.0
2020,05-016-0650-04_AFR20   Evanston CCSD 65.xlsx,SUPPORT SERVICES (ED),2320,Executive Administration,414337.0,16617.0,6978.0,445281.0
2020,05-016-0650-04_AFR20   Evanston CCSD 65.xlsx,SUPPORT SERVICES (ED),2330,Special Area Administration,2245618.0,282359.0,22176.0,2554355.0
2020,05-016-0650-04_AFR20   Evanston CCSD 65.xlsx,SUPPORT SERVICES (ED),2300,General Administration (total),2724275.0,320261.0,752838.0,3859987.0
2020,05-016-0650-04_AFR20   Evanston CCSD 65.xlsx,SUPPORT SERVICES (ED),2410,Office of the Principal,4576210.0,490728.0,108920.0,5175858.0
2020,05-016-0650-04_AFR20   Evanston CCSD 65.xlsx,SUPPORT SERVICES (ED),2490,Other School Administration,51356.0,0.0,0.0,51356.0
2020,05-016-0650-04_AFR20   Evanston CCSD 65.xlsx,SUPPORT SERVICES (ED),2400,School Administration (total),4627566.0,490728.0,108920.0,5227214.0
2020,05-016-0650-04_AFR20   Evanston CCSD 65.xlsx,SUPPORT SERVICES (ED),2510,Direction of Business Support Services,372314.0,44017.0,8000.0,427942.0
2020,05-016-0650-04_AFR20   Evanston CCSD 65.xlsx,SUPPORT SERVICES (ED),2520,Fiscal Services,439306.0,75172.0,33287.0,550514.0
2020,05-016-0650-04_AFR20   Evanston CCSD 65.xlsx,SUPPORT SERVICES (ED),2540,Operation & Maintenance,0.0,0.0,0.0,0.0
2020,05-016-0650-04_AFR20   Evanston CCSD 65.xlsx,SUPPORT SERVICES (ED),2550,Pupil Transportation,0.0,0.0,0.0,0.0
2020,05-016-0650-04_AFR20   Evanston CCSD 65.xlsx,SUPPORT SERVICES (ED),2560,Food Services,868332.0,130052.0,65641.0,2084898.0
2020,05-016-0650-04_AFR20   Evanston CCSD 65.xlsx,SUPPORT SERVICES (ED),2570,Internal Services,0.0,0.0,0.0,0.0
2020,05-016-0650-04_AFR20   Evanston CCSD 65.xlsx,SUPPORT SERVICES (ED),2500,Business Services (total),1679952.0,249241.0,106928.0,3063354.0
2020,05-016-0650-04_AFR20   Evanston CCSD 65.xlsx,SUPPORT SERVICES (ED),2610,Direction of Central Support Services,0.0,0.0,0.0,0.0
2020,05-016-0650-04_AFR20   Evanston CCSD 65.xlsx,SUPPORT SERVICES (ED),2620,"Planning, Research, Development, Evaluation",658355.0,68106.0,7376.0,734634.0
2020,05-016-0650-04_AFR20   Evanston CCSD 65.xlsx,SUPPORT SERVICES (ED),2630,Information Services,112336.0,0.0,25078.0,137483.0
2020,05-016-0650-04_AFR20   Evanston CCSD 65.xlsx,SUPPORT SERVICES (ED),2640,Staff Services,643996.0,175080.0,124065.0,948854.0
2020,05-016-0650-04_AFR20   Evanston CCSD 65.xlsx,SUPPORT SERVICES (ED),2660,Data Processing,1144949.0,160383.0,2930416.0,5440895.0
2020,05-016-0650-04_AFR20   Evanston CCSD 65.xlsx,SUPPORT SERVICES (ED),2600,Central Support Services (total),2559636.0,403569.0,3086935.0,7261866.0
2020,05-016-0650-04_AFR20   Evanston CCSD 65.xlsx,SUPPORT SERVICES (O&M),2510,Direction of Business Support Services,0.0,0.0,0.0,0.0
2020,05-016-0650-04_AFR20   Evanston CCSD 65.xlsx,SUPPORT SERVICES (O&M),2540,Operation & Maintenance,3715942.0,468611.0,2223511.0,9764319.0
2020,05-016-0650-04_AFR20   Evanston CCSD 65.xlsx,SUPPORT SERVICES (O&M),2550,Pupil Transportation,0.0,0.0,0.0,0.0
2020,05-016-0650-04_AFR20   Evanston CCSD 65.xlsx,SUPPORT SERVICES (O&M),2560,Food Services,0.0,0.0,0.0,0.0
2020,05-016-0650-04_AFR20   Evanston CCSD 65.xlsx,SUPPORT SERVICES (O&M),2500,Business Services (total),3715942.0,468611.0,2223511.0,9764319.0
2020,05-016-0650-04_AFR20   Evanston CCSD 65.xlsx,SUPPORT SERVICES (TR),2550,Pupil Transportation,505206.0,30784.0,3414547.0,3950628.0
2020,05-016-0650-04_AFR20   Evanston CCSD 65.xlsx,SUPPORT SERVICES (MR/SS),2310,Board of Education,0.0,9616.0,0.0,9616.0
2020,05-016-0650-04_AFR20   Evanston CCSD 65.xlsx,SUPPORT SERVICES (MR/SS),2320,Executive Administration,0.0,18088.0,0.0,18088.0
2020,05-016-0650-04_AFR20   Evanston CCSD 65.xlsx,SUPPORT SERVICES (MR/SS),2330,Special Area Administration,0.0,74186.0,0.0,74186.0
2020,05-016-0650-04_AFR20   Evanston CCSD 65.xlsx,SUPPORT SERVICES (MR/SS),2300,General Administration (total),0.0,101981.0,0.0,101981.0
2020,05-016-0650-04_AFR20   Evanston CCSD 65.xlsx,SUPPORT SERVICES (MR/SS),2410,Office of the Principal,0.0,174428.0,0.0,174428.0
2020,05-016-0650-04_AFR20   Evanston CCSD 65.xlsx,SUPPORT SERVICES (MR/SS),2490,Other School Administration,0.0,730.0,0.0,730.0
2020,05-016-0650-04_AFR20   Evanston CCSD 65.xlsx,SUPPORT SERVICES (MR/SS),2400,School Administration (total),0.0,175158.0,0.0,175158.0
2020,05-016-0650-04_AFR20   Evanston CCSD 65.xlsx,SUPPORT SERVICES (MR/SS),2510,Direction of Business Support Services,0.0,35750.0,0.0,35750.0
2020,05-016-0650-04_AFR20   Evanston CCSD 65.xlsx,SUPPORT SERVICES (MR/SS),2520,Fiscal Services,0.0,47567.0,0.0,47567.0
2020,05-016-0650-04_AFR20   Evanston CCSD 65.xlsx,SUPPORT SERVICES (MR/SS),2540,Operation & Maintenance,0.0,527104.0,0.0,527104.0
2020,05-016-0650-04_AFR20   Evanston CCSD 65.xlsx,SUPPORT SERVICES (MR/SS),2550,Pupil Transportation,0.0,85092.0,0.0,85092.0
2020,05-016-0650-04_AFR20   Evanston CCSD 65.xlsx,SUPPORT SERVICES (MR/SS),2560,Food Services,0.0,128914.0,0.0,128914.0
2020,05-016-0650-04_AFR20   Evanston CCSD 65.xlsx,SUPPORT SERVICES (MR/SS),2570,Internal Services,0.0,37995.0,0.0,37995.0
2020,05-016-0650-04_AFR20   Evanston CCSD 65.xlsx,SUPPORT SERVICES (MR/SS),2500,Business Services (total),0.0,877945.0,0.0,877945.0
2020,05-016-0650-04_AFR20   Evanston CCSD 65.xlsx,SUPPORT SERVICES (MR/SS),2610,Direction of Central Support Services,0.0,0.0,0.0,0.0
2020,05-016-0650-04_AFR20   Evanston CCSD 65.xlsx,SUPPORT SERVICES (MR/SS),2620,"Planning, Research, Development, Evaluation",0.0,100651.0,0.0,100651.0
2020,05-016-0650-04_AFR20   Evanston CCSD 65.xlsx,SUPPORT SERVICES (MR/SS),2630,Information Services,0.0,15067.0,0.0,15067.0
2020,05-016-0650-04_AFR20   Evanston CCSD 65.xlsx,SUPPORT SERVICES (MR/SS),2640,Staff Services,0.0,67733.0,0.0,67733.0
2020,05-016-0650-04_AFR20   Evanston CCSD 65.xlsx,SUPPORT SERVICES (MR/SS),2660,Data Processing,0.0,154539.0,0.0,154539.0
2020,05-016-0650-04_AFR20   Evanston CCSD 65.xlsx,SUPPORT SERVICES (MR/SS),2600,Central Support Services (total),0.0,337990.0,0.0,337990.0
2020,05-016-0650-04_AFR20   Evanston CCSD 65.xlsx,SUPPORT SERVICES (FP&S),2540,Operation & Maintenance,0.0,0.0,6000.0,122819.0
2020,05-016-0650-04_AFR20   Evanston CCSD 65.xlsx,SUPPORT SERVICES (FP&S),2500,Business Services (total),0.0,0.0,6000.0,122819.0
2021,05-016-0650-04_AFR21   Evanston CCSD 65.xlsx,SUPPORT SERVICES (ED),2310,Board of Education,84143.0,23234.0,105663.0,239130.0
2021,05-016-0650-04_AFR21   Evanston CCSD 65.xlsx,SUPPORT SERVICES (ED),2320,Executive Administration,515175.0,85033.0,14547.0,626062.0
2021,05-016-0650-04_AFR21   Evanston CCSD 65.xlsx,SUPPORT SERVICES (ED),2330,Special Area Administration,2356032.0,346532.0,30565.0,2736684.0
2021,05-016-0650-04_AFR21   Evanston CCSD 65.xlsx,SUPPORT SERVICES (ED),2300,General Administration (total),2955350.0,454799.0,750131.0,4201232.0
2021,05-016-0650-04_AFR21   Evanston CCSD 65.xlsx,SUPPORT SERVICES (ED),2410,Office of the Principal,5854495.0,652416.0,82746.0,6589657.0
2021,05-016-0650-04_AFR21   Evanston CCSD 65.xlsx,SUPPORT SERVICES (ED),2490,Other School Administration,41730.0,0.0,0.0,41730.0
2021,05-016-0650-04_AFR21   Evanston CCSD 65.xlsx,SUPPORT SERVICES (ED),2400,School Administration (total),5896225.0,652416.0,82746.0,6631387.0
2021,05-016-0650-04_AFR21   Evanston CCSD 65.xlsx,SUPPORT SERVICES (ED),2510,Direction of Business Support Services,374622.0,46797.0,7749.0,431282.0
2021,05-016-0650-04_AFR21   Evanston CCSD 65.xlsx,SUPPORT SERVICES (ED),2520,Fiscal Services,444872.0,79956.0,23353.0,551908.0
2021,05-016-0650-04_AFR21   Evanston CCSD 65.xlsx,SUPPORT SERVICES (ED),2540,Operation & Maintenance,0.0,0.0,0.0,0.0
2021,05-016-0650-04_AFR21   Evanston CCSD 65.xlsx,SUPPORT SERVICES (ED),2550,Pupil Transportation,0.0,0.0,0.0,0.0
2021,05-016-0650-04_AFR21   Evanston CCSD 65.xlsx,SUPPORT SERVICES (ED),2560,Food Services,869621.0,132083.0,27153.0,1786684.0
2021,05-016-0650-04_AFR21   Evanston CCSD 65.xlsx,SUPPORT SERVICES (ED),2570,Internal Services,0.0,0.0,0.0,0.0
2021,05-016-0650-04_AFR21   Evanston CCSD 65.xlsx,SUPPORT SERVICES (ED),2500,Business Services (total),1689115.0,258836.0,58255.0,2769874.0
2021,05-016-0650-04_AFR21   Evanston CCSD 65.xlsx,SUPPORT SERVICES (ED),2610,Direction of Central Support Services,0.0,0.0,0.0,0.0
2021,05-016-0650-04_AFR21   Evanston CCSD 65.xlsx,SUPPORT SERVICES (ED),2620,"Planning, Research, Development, Evaluation",425028.0,53558.0,888.0,481196.0
2021,05-016-0650-04_AFR21   Evanston CCSD 65.xlsx,SUPPORT SERVICES (ED),2630,Information Services,183895.0,32860.0,31454.0,250365.0
2021,05-016-0650-04_AFR21   Evanston CCSD 65.xlsx,SUPPORT SERVICES (ED),2640,Staff Services,650306.0,173645.0,101412.0,927359.0
2021,05-016-0650-04_AFR21   Evanston CCSD 65.xlsx,SUPPORT SERVICES (ED),2660,Data Processing,1051309.0,177162.0,3968287.0,5853990.0
2021,05-016-0650-04_AFR21   Evanston CCSD 65.xlsx,SUPPORT SERVICES (ED),2600,Central Support Services (total),2310538.0,437225.0,4102041.0,7512910.0
2021,05-016-0650-04_AFR21   Evanston CCSD 65.xlsx,SUPPORT SERVICES (O&M),2510,Direction of Business Support Services,0.0,0.0,0.0,0.0
2021,05-016-0650-04_AFR21   Evanston CCSD 65.xlsx,SUPPORT SERVICES (O&M),2540,Operation & Maintenance,3591513.0,357788.0,1934266.0,8614926.0
2021,05-016-0650-04_AFR21   Evanston CCSD 65.xlsx,SUPPORT SERVICES (O&M),2550,Pupil Transportation,0.0,0.0,0.0,0.0
2021,05-016-0650-04_AFR21   Evanston CCSD 65.xlsx,SUPPORT SERVICES (O&M),2560,Food Services,0.0,0.0,0.0,0.0
2021,05-016-0650-04_AFR21   Evanston CCSD 65.xlsx,SUPPORT SERVICES (O&M),2500,Business Services (total),3591513.0,357788.0,1934266.0,8614926.0
2021,05-016-0650-04_AFR21   Evanston CCSD 65.xlsx,SUPPORT SERVICES (TR),2550,Pupil Transportation,270629.0,23545.0,3463543.0,3757717.0
2021,05-016-0650-04_AFR21   Evanston CCSD 65.xlsx,SUPPORT SERVICES (MR/SS),2310,Board of Education,0.0,13159.0,0.0,13159.0
2021,05-016-0650-04_AFR21   Evanston CCSD 65.xlsx,SUPPORT SERVICES (MR/SS),2320,Executive Administration,0.0,21229.0,0.0,21229.0
2021,05-016-0650-04_AFR21   Evanston CCSD 65.xlsx,SUPPORT SERVICES (MR/SS),2330,Special Area Administration,0.0,137927.0,0.0,137927.0
2021,05-016-0650-04_AFR21   Evanston CCSD 65.xlsx,SUPPORT SERVICES (MR/SS),2300,General Administration (total),0.0,172315.0,0.0,172315.0
2021,05-016-0650-04_AFR21   Evanston CCSD 65.xlsx,SUPPORT SERVICES (MR/SS),2410,Office of the Principal,0.0,198647.0,0.0,198647.0
2021,05-016-0650-04_AFR21   Evanston CCSD 65.xlsx,SUPPORT SERVICES (MR/SS),2490,Other School Administration,0.0,590.0,0.0,590.0
2021,05-016-0650-04_AFR21   Evanston CCSD 65.xlsx,SUPPORT SERVICES (MR/SS),2400,School Administration (total),0.0,199237.0,0.0,199237.0
2021,05-016-0650-04_AFR21   Evanston CCSD 65.xlsx,SUPPORT SERVICES (MR/SS),2510,Direction of Business Support Services,0.0,35504.0,0.0,35504.0
2021,05-016-0650-04_AFR21   Evanston CCSD 65.xlsx,SUPPORT SERVICES (MR/SS),2520,Fiscal Services,0.0,49241.0,0.0,49241.0
2021,05-016-0650-04_AFR21   Evanston CCSD 65.xlsx,SUPPORT SERVICES (MR/SS),2540,Operation & Maintenance,0.0,529134.0,0.0,529134.0
2021,05-016-0650-04_AFR21   Evanston CCSD 65.xlsx,SUPPORT SERVICES (MR/SS),2550,Pupil Transportation,0.0,41821.0,0.0,41821.0
2021,05-016-0650-04_AFR21   Evanston CCSD 65.xlsx,SUPPORT SERVICES (MR/SS),2560,Food Services,0.0,134665.0,0.0,134665.0
2021,05-016-0650-04_AFR21   Evanston CCSD 65.xlsx,SUPPORT SERVICES (MR/SS),2570,Internal Services,0.0,31981.0,0.0,31981.0
2021,05-016-0650-04_AFR21   Evanston CCSD 65.xlsx,SUPPORT SERVICES (MR/SS),2500,Business Services (total),0.0,831154.0,0.0,831154.0
2021,05-016-0650-04_AFR21   Evanston CCSD 65.xlsx,SUPPORT SERVICES (MR/SS),2610,Direction of Central Support Services,0.0,0.0,0.0,0.0
2021,05-016-0650-04_AFR21   Evanston CCSD 65.xlsx,SUPPORT SERVICES (MR/SS),2620,"Planning, Research, Development, Evaluation",0.0,69097.0,0.0,69097.0
2021,05-016-0650-04_AFR21   Evanston CCSD 65.xlsx,SUPPORT SERVICES (MR/SS),2630,Information Services,0.0,27078.0,0.0,27078.0
2021,05-016-0650-04_AFR21   Evanston CCSD 65.xlsx,SUPPORT SERVICES (MR/SS),2640,Staff Services,0.0,70660.0,0.0,70660.0
2021,05-016-0650-04_AFR21   Evanston CCSD 65.xlsx,SUPPORT SERVICES (MR/SS),2660,Data Processing,0.0,168349.0,0.0,168349.0
2021,05-016-0650-04_AFR21   Evanston CCSD 65.xlsx,SUPPORT SERVICES (MR/SS),2600,Central Support Services (total),0.0,335184.0,0.0,335184.0
2021,05-016-0650-04_AFR21   Evanston CCSD 65.xlsx,SUPPORT SERVICES (TF),2300,General Administration (total),0.0,0.0,0.0,0.0
2021,05-016-0650-04_AFR21   Evanston CCSD 65.xlsx,SUPPORT SERVICES (TF),2310,Board of Education,0.0,0.0,0.0,0.0
2021,05-016-0650-04_AFR21   Evanston CCSD 65.xlsx,SUPPORT SERVICES (TF),2320,Executive Administration,0.0,0.0,0.0,0.0
2021,05-016-0650-04_AFR21   Evanston CCSD 65.xlsx,SUPPORT SERVICES (TF),2330,Special Area Administration,0.0,0.0,0.0,0.0
2021,05-016-0650-04_AFR21   Evanston CCSD 65.xlsx,SUPPORT SERVICES (TF),2300,General Administration (total),0.0,0.0,309959.0,383978.0
2021,05-016-0650-04_AFR21   Evanston CCSD 65.xlsx,SUPPORT SERVICES (TF),2400,School Administration (total),0.0,0.0,0.0,0.0
2021,05-016-0650-04_AFR21   Evanston CCSD 65.xlsx,SUPPORT SERVICES (TF),2410,Office of the Principal,0.0,0.0,0.0,0.0
2021,05-016-0650-04_AFR21   Evanston CCSD 65.xlsx,SUPPORT SERVICES (TF),2490,Other School Administration,0.0,0.0,0.0,0.0
2021,05-016-0650-04_AFR21   Evanston CCSD 65.xlsx,SUPPORT SERVICES (TF),2400,School Administration (total),0.0,0.0,0.0,0.0
2021,05-016-0650-04_AFR21   Evanston CCSD 65.xlsx,SUPPORT SERVICES (TF),2500,Business Services (total),0.0,0.0,0.0,0.0
2021,05-016-0650-04_AFR21   Evanston CCSD 65.xlsx,SUPPORT SERVICES (TF),2510,Direction of Business Support Services,0.0,0.0,0.0,0.0
2021,05-016-0650-04_AFR21   Evanston CCSD 65.xlsx,SUPPORT SERVICES (TF),2520,Fiscal Services,0.0,0.0,0.0,0.0
2021,05-016-0650-04_AFR21   Evanston CCSD 65.xlsx,SUPPORT SERVICES (TF),2540,Operation & Maintenance,0.0,0.0,0.0,0.0
2021,05-016-0650-04_AFR21   Evanston CCSD 65.xlsx,SUPPORT SERVICES (TF),2550,Pupil Transportation,0.0,0.0,0.0,0.0
2021,05-016-0650-04_AFR21   Evanston CCSD 65.xlsx,SUPPORT SERVICES (TF),2560,Food Services,0.0,0.0,0.0,0.0
2021,05-016-0650-04_AFR21   Evanston CCSD 65.xlsx,SUPPORT SERVICES (TF),2570,Internal Services,0.0,0.0,0.0,0.0
2021,05-016-0650-04_AFR21   Evanston CCSD 65.xlsx,SUPPORT SERVICES (TF),2500,Business Services (total),0.0,0.0,0.0,0.0
2021,05-016-0650-04_AFR21   Evanston CCSD 65.xlsx,SUPPORT SERVICES (TF),2600,Central Support Services (total),0.0,0.0,0.0,0.0
2021,05-016-0650-04_AFR21   Evanston CCSD 65.xlsx,SUPPORT SERVICES (TF),2610,Direction of Central Support Services,0.0,0.0,0.0,0.0
2021,05-016-0650-04_AFR21   Evanston CCSD 65.xlsx,SUPPORT SERVICES (TF),2620,"Planning, Research, Development, Evaluation",0.0,0.0,0.0,0.0
2021,05-016-0650-04_AFR21   Evanston CCSD 65.xlsx,SUPPORT SERVICES (TF),2630,Information Services,0.0,0.0,0.0,0.0
2021,05-016-0650-04_AFR21   Evanston CCSD 65.xlsx,SUPPORT SERVICES (TF),2640,Staff Services,0.0,0.0,0.0,0.0
2021,05-016-0650-04_AFR21   Evanston CCSD 65.xlsx,SUPPORT SERVICES (TF),2660,Data Processing,0.0,0.0,0.0,0.0
2021,05-016-0650-04_AFR21   Evanston CCSD 65.xlsx,SUPPORT SERVICES (TF),2600,Central Support Services (total),0.0,0.0,0.0,0.0
2021,05-016-0650-04_AFR21   Evanston CCSD 65.xlsx,SUPPORT SERVICES (FP&S),2540,Operation & Maintenance,0.0,0.0,23186.0,121941.0
2021,05-016-0650-04_AFR21   Evanston CCSD 65.xlsx,SUPPORT SERVICES (FP&S),2500,Business Services (total),0.0,0.0,23186.0,121941.0
2022,05-016-0650-04_AFR22 Evanston CCSD 65.xlsx,SUPPORT SERVICES (ED),2310,Board of Education,83770.0,22732.0,94294.0,253016.0
2022,05-016-0650-04_AFR22 Evanston CCSD 65.xlsx,SUPPORT SERVICES (ED),2320,Executive Administration,616333.0,91264.0,31249.0,805161.0
2022,05-016-0650-04_AFR22 Evanston CCSD 65.xlsx,SUPPORT SERVICES (ED),2330,Special Area Administration,2433835.0,337721.0,14899.0,2790392.0
2022,05-016-0650-04_AFR22 Evanston CCSD 65.xlsx,SUPPORT SERVICES (ED),2300,General Administration (total),3133938.0,451717.0,686798.0,4394925.0
2022,05-016-0650-04_AFR22 Evanston CCSD 65.xlsx,SUPPORT SERVICES (ED),2410,Office of the Principal,5718986.0,602212.0,131720.0,6452918.0
2022,05-016-0650-04_AFR22 Evanston CCSD 65.xlsx,SUPPORT SERVICES (ED),2490,Other School Administration,45227.0,0.0,0.0,45227.0
2022,05-016-0650-04_AFR22 Evanston CCSD 65.xlsx,SUPPORT SERVICES (ED),2400,School Administration (total),5764213.0,602212.0,131720.0,6498145.0
2022,05-016-0650-04_AFR22 Evanston CCSD 65.xlsx,SUPPORT SERVICES (ED),2510,Direction of Business Support Services,466022.0,61111.0,5282.0,535005.0
2022,05-016-0650-04_AFR22 Evanston CCSD 65.xlsx,SUPPORT SERVICES (ED),2520,Fiscal Services,504581.0,73667.0,71753.0,655491.0
2022,05-016-0650-04_AFR22 Evanston CCSD 65.xlsx,SUPPORT SERVICES (ED),2540,Operation & Maintenance,0.0,0.0,0.0,0.0
2022,05-016-0650-04_AFR22 Evanston CCSD 65.xlsx,SUPPORT SERVICES (ED),2550,Pupil Transportation,0.0,0.0,0.0,0.0
2022,05-016-0650-04_AFR22 Evanston CCSD 65.xlsx,SUPPORT SERVICES (ED),2560,Food Services,946554.0,132432.0,49278.0,2579771.0
2022,05-016-0650-04_AFR22 Evanston CCSD 65.xlsx,SUPPORT SERVICES (ED),2570,Internal Services,0.0,0.0,0.0,0.0
2022,05-016-0650-04_AFR22 Evanston CCSD 65.xlsx,SUPPORT SERVICES (ED),2500,Business Services (total),1917157.0,267210.0,126313.0,3770267.0
2022,05-016-0650-04_AFR22 Evanston CCSD 65.xlsx,SUPPORT SERVICES (ED),2610,Direction of Central Support Services,0.0,0.0,0.0,0.0
2022,05-016-0650-04_AFR22 Evanston CCSD 65.xlsx,SUPPORT SERVICES (ED),2620,"Planning, Research, Development, Evaluation",422968.0,73292.0,4608.0,502182.0
2022,05-016-0650-04_AFR22 Evanston CCSD 65.xlsx,SUPPORT SERVICES (ED),2630,Information Services,287683.0,45274.0,63027.0,398250.0
2022,05-016-0650-04_AFR22 Evanston CCSD 65.xlsx,SUPPORT SERVICES (ED),2640,Staff Services,1128398.0,184586.0,1298522.0,2615357.0
2022,05-016-0650-04_AFR22 Evanston CCSD 65.xlsx,SUPPORT SERVICES (ED),2660,Data Processing,1150218.0,190297.0,4340247.0,6609607.0
2022,05-016-0650-04_AFR22 Evanston CCSD 65.xlsx,SUPPORT SERVICES (ED),2600,Central Support Services (total),2989267.0,493449.0,5706404.0,10125396.0
2022,05-016-0650-04_AFR22 Evanston CCSD 65.xlsx,SUPPORT SERVICES (O&M),2510,Direction of Business Support Services,0.0,0.0,0.0,0.0
2022,05-016-0650-04_AFR22 Evanston CCSD 65.xlsx,SUPPORT SERVICES (O&M),2540,Operation & Maintenance,4625019.0,365608.0,1966941.0,9758722.0
2022,05-016-0650-04_AFR22 Evanston CCSD 65.xlsx,SUPPORT SERVICES (O&M),2550,Pupil Transportation,0.0,0.0,0.0,0.0
2022,05-016-0650-04_AFR22 Evanston CCSD 65.xlsx,SUPPORT SERVICES (O&M),2560,Food Services,0.0,0.0,0.0,0.0
2022,05-016-0650-04_AFR22 Evanston CCSD 65.xlsx,SUPPORT SERVICES (O&M),2500,Business Services (total),4625019.0,365608.0,1966941.0,9758722.0
2022,05-016-0650-04_AFR22 Evanston CCSD 65.xlsx,SUPPORT SERVICES (TR),2550,Pupil Transportation,341277.0,24720.0,5313605.0,5679602.0
2022,05-016-0650-04_AFR22 Evanston CCSD 65.xlsx,SUPPORT SERVICES (MR/SS),2310,Board of Education,0.0,12826.0,0.0,12826.0
2022,05-016-0650-04_AFR22 Evanston CCSD 65.xlsx,SUPPORT SERVICES (MR/SS),2320,Executive Administration,0.0,31199.0,0.0,31199.0
2022,05-016-0650-04_AFR22 Evanston CCSD 65.xlsx,SUPPORT SERVICES (MR/SS),2330,Special Area Administration,0.0,126332.0,0.0,126332.0
2022,05-016-0650-04_AFR22 Evanston CCSD 65.xlsx,SUPPORT SERVICES (MR/SS),2300,General Administration (total),0.0,170357.0,0.0,170357.0
2022,05-016-0650-04_AFR22 Evanston CCSD 65.xlsx,SUPPORT SERVICES (MR/SS),2410,Office of the Principal,0.0,207030.0,0.0,207030.0
2022,05-016-0650-04_AFR22 Evanston CCSD 65.xlsx,SUPPORT SERVICES (MR/SS),2490,Other School Administration,0.0,641.0,0.0,641.0
2022,05-016-0650-04_AFR22 Evanston CCSD 65.xlsx,SUPPORT SERVICES (MR/SS),2400,School Administration (total),0.0,207671.0,0.0,207671.0
2022,05-016-0650-04_AFR22 Evanston CCSD 65.xlsx,SUPPORT SERVICES (MR/SS),2510,Direction of Business Support Services,0.0,47168.0,0.0,47168.0
2022,05-016-0650-04_AFR22 Evanston CCSD 65.xlsx,SUPPORT SERVICES (MR/SS),2520,Fiscal Services,0.0,54508.0,0.0,54508.0
2022,05-016-0650-04_AFR22 Evanston CCSD 65.xlsx,SUPPORT SERVICES (MR/SS),2540,Operation & Maintenance,0.0,650528.0,0.0,650528.0
2022,05-016-0650-04_AFR22 Evanston CCSD 65.xlsx,SUPPORT SERVICES (MR/SS),2550,Pupil Transportation,0.0,57162.0,0.0,57162.0
2022,05-016-0650-04_AFR22 Evanston CCSD 65.xlsx,SUPPORT SERVICES (MR/SS),2560,Food Services,0.0,138088.0,0.0,138088.0
2022,05-016-0650-04_AFR22 Evanston CCSD 65.xlsx,SUPPORT SERVICES (MR/SS),2570,Internal Services,0.0,37994.0,0.0,37994.0
2022,05-016-0650-04_AFR22 Evanston CCSD 65.xlsx,SUPPORT SERVICES (MR/SS),2500,Business Services (total),0.0,989054.0,0.0,989054.0
2022,05-016-0650-04_AFR22 Evanston CCSD 65.xlsx,SUPPORT SERVICES (MR/SS),2610,Direction of Central Support Services,0.0,0.0,0.0,0.0
2022,05-016-0650-04_AFR22 Evanston CCSD 65.xlsx,SUPPORT SERVICES (MR/SS),2620,"Planning, Research, Development, Evaluation",0.0,66791.0,0.0,66791.0
2022,05-016-0650-04_AFR22 Evanston CCSD 65.xlsx,SUPPORT SERVICES (MR/SS),2630,Information Services,0.0,41420.0,0.0,41420.0
2022,05-016-0650-04_AFR22 Evanston CCSD 65.xlsx,SUPPORT SERVICES (MR/SS),2640,Staff Services,0.0,110190.0,0.0,110190.0
2022,05-016-0650-04_AFR22 Evanston CCSD 65.xlsx,SUPPORT SERVICES (MR/SS),2660,Data Processing,0.0,176728.0,0.0,176728.0
2022,05-016-0650-04_AFR22 Evanston CCSD 65.xlsx,SUPPORT SERVICES (MR/SS),2600,Central Support Services (total),0.0,395129.0,0.0,395129.0
2022,05-016-0650-04_AFR22 Evanston CCSD 65.xlsx,SUPPORT SERVICES (TF),2300,General Administration (total),0.0,0.0,0.0,0.0
2022,05-016-0650-04_AFR22 Evanston CCSD 65.xlsx,SUPPORT SERVICES (TF),2310,Board of Education,0.0,0.0,0.0,0.0
2022,05-016-0650-04_AFR22 Evanston CCSD 65.xlsx,SUPPORT SERVICES (TF),2320,Executive Administration,0.0,0.0,0.0,0.0
2022,05-016-0650-04_AFR22 Evanston CCSD 65.xlsx,SUPPORT SERVICES (TF),2330,Special Area Administration,0.0,0.0,0.0,0.0
2022,05-016-0650-04_AFR22 Evanston CCSD 65.xlsx,SUPPORT SERVICES (TF),2300,General Administration (total),0.0,0.0,1790767.0,1815436.0
2022,05-016-0650-04_AFR22 Evanston CCSD 65.xlsx,SUPPORT SERVICES (TF),2400,School Administration (total),0.0,0.0,0.0,0.0
2022,05-016-0650-04_AFR22 Evanston CCSD 65.xlsx,SUPPORT SERVICES (TF),2410,Office of the Principal,0.0,0.0,0.0,0.0
2022,05-016-0650-04_AFR22 Evanston CCSD 65.xlsx,SUPPORT SERVICES (TF),2490,Other School Administration,0.0,0.0,0.0,0.0
2022,05-016-0650-04_AFR22 Evanston CCSD 65.xlsx,SUPPORT SERVICES (TF),2400,School Administration (total),0.0,0.0,0.0,0.0
2022,05-016-0650-04_AFR22 Evanston CCSD 65.xlsx,SUPPORT SERVICES (TF),2500,Business Services (total),0.0,0.0,0.0,0.0
2022,05-016-0650-04_AFR22 Evanston CCSD 65.xlsx,SUPPORT SERVICES (TF),2510,Direction of Business Support Services,0.0,0.0,0.0,0.0
2022,05-016-0650-04_AFR22 Evanston CCSD 65.xlsx,SUPPORT SERVICES (TF),2520,Fiscal Services,0.0,0.0,0.0,0.0
2022,05-016-0650-04_AFR22 Evanston CCSD 65.xlsx,SUPPORT SERVICES (TF),2540,Operation & Maintenance,0.0,0.0,0.0,0.0
2022,05-016-0650-04_AFR22 Evanston CCSD 65.xlsx,SUPPORT SERVICES (TF),2550,Pupil Transportation,0.0,0.0,0.0,0.0
2022,05-016-0650-04_AFR22 Evanston CCSD 65.xlsx,SUPPORT SERVICES (TF),2560,Food Services,0.0,0.0,0.0,0.0
2022,05-016-0650-04_AFR22 Evanston CCSD 65.xlsx,SUPPORT SERVICES (TF),2570,Internal Services,0.0,0.0,0.0,0.0
2022,05-016-0650-04_AFR22 Evanston CCSD 65.xlsx,SUPPORT SERVICES (TF),2500,Business Services (total),0.0,0.0,0.0,0.0
2022,05-016-0650-04_AFR22 Evanston CCSD 65.xlsx,SUPPORT SERVICES (TF),2600,Central Support Services (total),0.0,0.0,0.0,0.0
2022,05-016-0650-04_AFR22 Evanston CCSD 65.xlsx,SUPPORT SERVICES (TF),2610,Direction of Central Support Services,0.0,0.0,0.0,0.0
2022,05-016-0650-04_AFR22 Evanston CCSD 65.xlsx,SUPPORT SERVICES (TF),2620,"Planning, Research, Development, Evaluation",0.0,0.0,0.0,0.0
2022,05-016-0650-04_AFR22 Evanston CCSD 65.xlsx,SUPPORT SERVICES (TF),2630,Information Services,0.0,0.0,0.0,0.0
2022,05-016-0650-04_AFR22 Evanston CCSD 65.xlsx,SUPPORT SERVICES (TF),2640,Staff Services,0.0,0.0,0.0,0.0
2022,05-016-0650-04_AFR22 Evanston CCSD 65.xlsx,SUPPORT SERVICES (TF),2660,Data Processing,0.0,0.0,0.0,0.0
2022,05-016-0650-04_AFR22 Evanston CCSD 65.xlsx,SUPPORT SERVICES (TF),2600,Central Support Services (total),0.0,0.0,0.0,0.0
2022,05-016-0650-04_AFR22 Evanston CCSD 65.xlsx,SUPPORT SERVICES (FP&S),2540,Operation & Maintenance,0.0,0.0,22129.0,114299.0
2022,05-016-0650-04_AFR22 Evanston CCSD 65.xlsx,SUPPORT SERVICES (FP&S),2500,Business Services (total),0.0,0.0,22129.0,114299.0
2023,05-016-0650-04_AFR23 Evanston CCSD 65.xlsx,SUPPORT SERVICES (ED),2310,Board of Education,87283.0,25226.0,185641.0,360054.0
2023,05-016-0650-04_AFR23 Evanston CCSD 65.xlsx,SUPPORT SERVICES (ED),2320,Executive Administration,789785.0,121382.0,50534.0,1052871.0
2023,05-016-0650-04_AFR23 Evanston CCSD 65.xlsx,SUPPORT SERVICES (ED),2330,Special Area Administration,3381842.0,484709.0,20901.0,3891249.0
2023,05-016-0650-04_AFR23 Evanston CCSD 65.xlsx,SUPPORT SERVICES (ED),2300,General Administration (total),4258910.0,631317.0,718336.0,5765434.0
2023,05-016-0650-04_AFR23 Evanston CCSD 65.xlsx,SUPPORT SERVICES (ED),2410,Office of the Principal,5921858.0,807828.0,131066.0,6884508.0
2023,05-016-0650-04_AFR23 Evanston CCSD 65.xlsx,SUPPORT SERVICES (ED),2490,Other School Administration,60282.0,2666.0,0.0,62948.0
2023,05-016-0650-04_AFR23 Evanston CCSD 65.xlsx,SUPPORT SERVICES (ED),2400,School Administration (total),5982140.0,810494.0,131066.0,6947456.0
2023,05-016-0650-04_AFR23 Evanston CCSD 65.xlsx,SUPPORT SERVICES (ED),2510,Direction of Business Support Services,644884.0,96387.0,31358.0,776125.0
2023,05-016-0650-04_AFR23 Evanston CCSD 65.xlsx,SUPPORT SERVICES (ED),2520,Fiscal Services,457086.0,49360.0,83399.0,601011.0
2023,05-016-0650-04_AFR23 Evanston CCSD 65.xlsx,SUPPORT SERVICES (ED),2540,Operation & Maintenance,0.0,0.0,0.0,0.0
2023,05-016-0650-04_AFR23 Evanston CCSD 65.xlsx,SUPPORT SERVICES (ED),2550,Pupil Transportation,0.0,0.0,0.0,0.0
2023,05-016-0650-04_AFR23 Evanston CCSD 65.xlsx,SUPPORT SERVICES (ED),2560,Food Services,1110291.0,128617.0,49224.0,2679941.0
2023,05-016-0650-04_AFR23 Evanston CCSD 65.xlsx,SUPPORT SERVICES (ED),2570,Internal Services,0.0,0.0,0.0,0.0
2023,05-016-0650-04_AFR23 Evanston CCSD 65.xlsx,SUPPORT SERVICES (ED),2500,Business Services (total),2212261.0,274364.0,163981.0,4057077.0
2023,05-016-0650-04_AFR23 Evanston CCSD 65.xlsx,SUPPORT SERVICES (ED),2610,Direction of Central Support Services,0.0,0.0,0.0,0.0
2023,05-016-0650-04_AFR23 Evanston CCSD 65.xlsx,SUPPORT SERVICES (ED),2620,"Planning, Research, Development, Evaluation",440149.0,85542.0,68753.0,596340.0
2023,05-016-0650-04_AFR23 Evanston CCSD 65.xlsx,SUPPORT SERVICES (ED),2630,Information Services,297550.0,52577.0,92398.0,443260.0
2023,05-016-0650-04_AFR23 Evanston CCSD 65.xlsx,SUPPORT SERVICES (ED),2640,Staff Services,1279024.0,248901.0,372417.0,1909663.0
2023,05-016-0650-04_AFR23 Evanston CCSD 65.xlsx,SUPPORT SERVICES (ED),2660,Data Processing,1324351.0,209309.0,3252862.0,12489349.0
2023,05-016-0650-04_AFR23 Evanston CCSD 65.xlsx,SUPPORT SERVICES (ED),2600,Central Support Services (total),3341074.0,596329.0,3786430.0,15438612.0
2023,05-016-0650-04_AFR23 Evanston CCSD 65.xlsx,SUPPORT SERVICES (O&M),2510,Direction of Business Support Services,0.0,0.0,0.0,0.0
2023,05-016-0650-04_AFR23 Evanston CCSD 65.xlsx,SUPPORT SERVICES (O&M),2540,Operation & Maintenance,4740084.0,576414.0,2079969.0,10259381.0
2023,05-016-0650-04_AFR23 Evanston CCSD 65.xlsx,SUPPORT SERVICES (O&M),2550,Pupil Transportation,0.0,0.0,0.0,0.0
2023,05-016-0650-04_AFR23 Evanston CCSD 65.xlsx,SUPPORT SERVICES (O&M),2560,Food Services,0.0,0.0,0.0,0.0
2023,05-016-0650-04_AFR23 Evanston CCSD 65.xlsx,SUPPORT SERVICES (O&M),2500,Business Services (total),4740084.0,576414.0,2079969.0,10259381.0
2023,05-016-0650-04_AFR23 Evanston CCSD 65.xlsx,SUPPORT SERVICES (TR),2550,Pupil Transportation,455787.0,45669.0,9239064.0,9740519.0
2023,05-016-0650-04_AFR23 Evanston CCSD 65.xlsx,SUPPORT SERVICES (MR/SS),2310,Board of Education,0.0,11380.0,0.0,11380.0
2023,05-016-0650-04_AFR23 Evanston CCSD 65.xlsx,SUPPORT SERVICES (MR/SS),2320,Executive Administration,0.0,45749.0,0.0,45749.0
2023,05-016-0650-04_AFR23 Evanston CCSD 65.xlsx,SUPPORT SERVICES (MR/SS),2330,Special Area Administration,0.0,139181.0,0.0,139181.0
2023,05-016-0650-04_AFR23 Evanston CCSD 65.xlsx,SUPPORT SERVICES (MR/SS),2300,General Administration (total),0.0,282991.0,0.0,282991.0
2023,05-016-0650-04_AFR23 Evanston CCSD 65.xlsx,SUPPORT SERVICES (MR/SS),2410,Office of the Principal,0.0,178498.0,0.0,178498.0
2023,05-016-0650-04_AFR23 Evanston CCSD 65.xlsx,SUPPORT SERVICES (MR/SS),2490,Other School Administration,0.0,1468.0,0.0,1468.0
2023,05-016-0650-04_AFR23 Evanston CCSD 65.xlsx,SUPPORT SERVICES (MR/SS),2400,School Administration (total),0.0,179966.0,0.0,179966.0
2023,05-016-0650-04_AFR23 Evanston CCSD 65.xlsx,SUPPORT SERVICES (MR/SS),2510,Direction of Business Support Services,0.0,58295.0,0.0,58295.0
2023,05-016-0650-04_AFR23 Evanston CCSD 65.xlsx,SUPPORT SERVICES (MR/SS),2520,Fiscal Services,0.0,40031.0,0.0,40031.0
2023,05-016-0650-04_AFR23 Evanston CCSD 65.xlsx,SUPPORT SERVICES (MR/SS),2540,Operation & Maintenance,0.0,615831.0,0.0,615831.0
2023,05-016-0650-04_AFR23 Evanston CCSD 65.xlsx,SUPPORT SERVICES (MR/SS),2550,Pupil Transportation,0.0,46290.0,0.0,46290.0
2023,05-016-0650-04_AFR23 Evanston CCSD 65.xlsx,SUPPORT SERVICES (MR/SS),2560,Food Services,0.0,137962.0,0.0,137962.0
2023,05-016-0650-04_AFR23 Evanston CCSD 65.xlsx,SUPPORT SERVICES (MR/SS),2570,Internal Services,0.0,0.0,0.0,0.0
2023,05-016-0650-04_AFR23 Evanston CCSD 65.xlsx,SUPPORT SERVICES (MR/SS),2500,Business Services (total),0.0,907411.0,0.0,907411.0
2023,05-016-0650-04_AFR23 Evanston CCSD 65.xlsx,SUPPORT SERVICES (MR/SS),2610,Direction of Central Support Services,0.0,0.0,0.0,0.0
2023,05-016-0650-04_AFR23 Evanston CCSD 65.xlsx,SUPPORT SERVICES (MR/SS),2620,"Planning, Research, Development, Evaluation",0.0,55488.0,0.0,55488.0
2023,05-016-0650-04_AFR23 Evanston CCSD 65.xlsx,SUPPORT SERVICES (MR/SS),2630,Information Services,0.0,38572.0,0.0,38572.0
2023,05-016-0650-04_AFR23 Evanston CCSD 65.xlsx,SUPPORT SERVICES (MR/SS),2640,Staff Services,0.0,117557.0,0.0,117557.0
2023,05-016-0650-04_AFR23 Evanston CCSD 65.xlsx,SUPPORT SERVICES (MR/SS),2660,Data Processing,0.0,174864.0,0.0,174864.0
2023,05-016-0650-04_AFR23 Evanston CCSD 65.xlsx,SUPPORT SERVICES (MR/SS),2600,Central Support Services (total),0.0,386481.0,0.0,386481.0
2023,05-016-0650-04_AFR23 Evanston CCSD 65.xlsx,SUPPORT SERVICES (TF),2300,General Administration (total),0.0,0.0,0.0,0.0
2023,05-016-0650-04_AFR23 Evanston CCSD 65.xlsx,SUPPORT SERVICES (TF),2310,Board of Education,0.0,0.0,0.0,0.0
2023,05-016-0650-04_AFR23 Evanston CCSD 65.xlsx,SUPPORT SERVICES (TF),2320,Executive Administration,0.0,0.0,0.0,0.0
2023,05-016-0650-04_AFR23 Evanston CCSD 65.xlsx,SUPPORT SERVICES (TF),2330,Special Area Administration,0.0,0.0,0.0,0.0
2023,05-016-0650-04_AFR23 Evanston CCSD 65.xlsx,SUPPORT SERVICES (TF),2300,General Administration (total),677263.0,94426.0,1282320.0,2084337.0
2023,05-016-0650-04_AFR23 Evanston CCSD 65.xlsx,SUPPORT SERVICES (TF),2400,School Administration (total),0.0,0.0,0.0,0.0
2023,05-016-0650-04_AFR23 Evanston CCSD 65.xlsx,SUPPORT SERVICES (TF),2410,Office of the Principal,0.0,0.0,0.0,0.0
2023,05-016-0650-04_AFR23 Evanston CCSD 65.xlsx,SUPPORT SERVICES (TF),2490,Other School Administration,0.0,0.0,0.0,0.0
2023,05-016-0650-04_AFR23 Evanston CCSD 65.xlsx,SUPPORT SERVICES (TF),2400,School Administration (total),0.0,0.0,0.0,0.0
2023,05-016-0650-04_AFR23 Evanston CCSD 65.xlsx,SUPPORT SERVICES (TF),2500,Business Services (total),0.0,0.0,0.0,0.0
2023,05-016-0650-04_AFR23 Evanston CCSD 65.xlsx,SUPPORT SERVICES (TF),2510,Direction of Business Support Services,0.0,0.0,0.0,0.0
2023,05-016-0650-04_AFR23 Evanston CCSD 65.xlsx,SUPPORT SERVICES (TF),2520,Fiscal Services,0.0,0.0,0.0,0.0
2023,05-016-0650-04_AFR23 Evanston CCSD 65.xlsx,SUPPORT SERVICES (TF),2540,Operation & Maintenance,0.0,0.0,0.0,0.0
2023,05-016-0650-04_AFR23 Evanston CCSD 65.xlsx,SUPPORT SERVICES (TF),2550,Pupil Transportation,0.0,0.0,0.0,0.0
2023,05-016-0650-04_AFR23 Evanston CCSD 65.xlsx,SUPPORT SERVICES (TF),2560,Food Services,0.0,0.0,0.0,0.0
2023,05-016-0650-04_AFR23 Evanston CCSD 65.xlsx,SUPPORT SERVICES (TF),2570,Internal Services,0.0,0.0,0.0,0.0
2023,05-016-0650-04_AFR23 Evanston CCSD 65.xlsx,SUPPORT SERVICES (TF),2500,Business Services (total),0.0,0.0,0.0,0.0
2023,05-016-0650-04_AFR23 Evanston CCSD 65.xlsx,SUPPORT SERVICES (TF),2600,Central Support Services (total),0.0,0.0,0.0,0.0
2023,05-016-0650-04_AFR23 Evanston CCSD 65.xlsx,SUPPORT SERVICES (TF),2610,Direction of Central Support Services,0.0,0.0,0.0,0.0
2023,05-016-0650-04_AFR23 Evanston CCSD 65.xlsx,SUPPORT SERVICES (TF),2620,"Planning, Research, Development, Evaluation",0.0,0.0,0.0,0.0
2023,05-016-0650-04_AFR23 Evanston CCSD 65.xlsx,SUPPORT SERVICES (TF),2630,Information Services,0.0,0.0,0.0,0.0
2023,05-016-0650-04_AFR23 Evanston CCSD 65.xlsx,SUPPORT SERVICES (TF),2640,Staff Services,0.0,0.0,0.0,0.0
2023,05-016-0650-04_AFR23 Evanston CCSD 65.xlsx,SUPPORT SERVICES (TF),2660,Data Processing,0.0,0.0,0.0,0.0
2023,05-016-0650-04_AFR23 Evanston CCSD 65.xlsx,SUPPORT SERVICES (TF),2600,Central Support Services (total),0.0,0.0,0.0,0.0
2023,05-016-0650-04_AFR23 Evanston CCSD 65.xlsx,SUPPORT SERVICES (FP&S),2540,Operation & Maintenance,0.0,0.0,124529.0,155282.0
2023,05-016-0650-04_AFR23 Evanston CCSD 65.xlsx,SUPPORT SERVICES (FP&S),2500,Business Services (total),0.0,0.0,124529.0,155282.0
2024,05-016-0650-04_AFR24 Evanston CCSD 65.xlsx,SUPPORT SERVICES (ED),2310,Board of Education,93164.0,27165.0,246726.0,439577.0
2024,05-016-0650-04_AFR24 Evanston CCSD 65.xlsx,SUPPORT SERVICES (ED),2320,Executive Administration,541184.0,72828.0,8880.0,653786.0
2024,05-016-0650-04_AFR24 Evanston CCSD 65.xlsx,SUPPORT SERVICES (ED),2330,Special Area Administration,3220290.0,426419.0,18232.0,3667353.0
2024,05-016-0650-04_AFR24 Evanston CCSD 65.xlsx,SUPPORT SERVICES (ED),2300,General Administration (total),3854638.0,526412.0,891575.0,5378453.0
2024,05-016-0650-04_AFR24 Evanston CCSD 65.xlsx,SUPPORT SERVICES (ED),2410,Office of the Principal,6106006.0,906429.0,159488.0,7176378.0
2024,05-016-0650-04_AFR24 Evanston CCSD 65.xlsx,SUPPORT SERVICES (ED),2490,Other School Administration,60353.0,3108.0,0.0,63461.0
2024,05-016-0650-04_AFR24 Evanston CCSD 65.xlsx,SUPPORT SERVICES (ED),2400,School Administration (total),6166359.0,909537.0,159488.0,7239839.0
2024,05-016-0650-04_AFR24 Evanston CCSD 65.xlsx,SUPPORT SERVICES (ED),2510,Direction of Business Support Services,510319.0,85568.0,42733.0,638772.0
2024,05-016-0650-04_AFR24 Evanston CCSD 65.xlsx,SUPPORT SERVICES (ED),2520,Fiscal Services,477404.0,59414.0,75809.0,619791.0
2024,05-016-0650-04_AFR24 Evanston CCSD 65.xlsx,SUPPORT SERVICES (ED),2540,Operation & Maintenance,0.0,0.0,0.0,0.0
2024,05-016-0650-04_AFR24 Evanston CCSD 65.xlsx,SUPPORT SERVICES (ED),2550,Pupil Transportation,0.0,0.0,0.0,0.0
2024,05-016-0650-04_AFR24 Evanston CCSD 65.xlsx,SUPPORT SERVICES (ED),2560,Food Services,1243301.0,149236.0,49814.0,2785889.0
2024,05-016-0650-04_AFR24 Evanston CCSD 65.xlsx,SUPPORT SERVICES (ED),2570,Internal Services,0.0,0.0,0.0,0.0
2024,05-016-0650-04_AFR24 Evanston CCSD 65.xlsx,SUPPORT SERVICES (ED),2500,Business Services (total),2231024.0,294218.0,168356.0,4044452.0
2024,05-016-0650-04_AFR24 Evanston CCSD 65.xlsx,SUPPORT SERVICES (ED),2610,Direction of Central Support Services,0.0,0.0,0.0,0.0
2024,05-016-0650-04_AFR24 Evanston CCSD 65.xlsx,SUPPORT SERVICES (ED),2620,"Planning, Research, Development, Evaluation",394498.0,61005.0,4798.0,460314.0
2024,05-016-0650-04_AFR24 Evanston CCSD 65.xlsx,SUPPORT SERVICES (ED),2630,Information Services,309262.0,46766.0,57875.0,417100.0
2024,05-016-0650-04_AFR24 Evanston CCSD 65.xlsx,SUPPORT SERVICES (ED),2640,Staff Services,1263539.0,260360.0,758542.0,2295885.0
2024,05-016-0650-04_AFR24 Evanston CCSD 65.xlsx,SUPPORT SERVICES (ED),2660,Data Processing,1461272.0,228424.0,2265152.0,6953640.0
2024,05-016-0650-04_AFR24 Evanston CCSD 65.xlsx,SUPPORT SERVICES (ED),2600,Central Support Services (total),3428571.0,596555.0,3086367.0,10126939.0
2024,05-016-0650-04_AFR24 Evanston CCSD 65.xlsx,SUPPORT SERVICES (O&M),2510,Direction of Business Support Services,0.0,0.0,0.0,0.0
2024,05-016-0650-04_AFR24 Evanston CCSD 65.xlsx,SUPPORT SERVICES (O&M),2540,Operation & Maintenance,5091325.0,756052.0,2140053.0,10729969.0
2024,05-016-0650-04_AFR24 Evanston CCSD 65.xlsx,SUPPORT SERVICES (O&M),2550,Pupil Transportation,0.0,0.0,0.0,0.0
2024,05-016-0650-04_AFR24 Evanston CCSD 65.xlsx,SUPPORT SERVICES (O&M),2560,Food Services,0.0,0.0,0.0,0.0
2024,05-016-0650-04_AFR24 Evanston CCSD 65.xlsx,SUPPORT SERVICES (O&M),2500,Business Services (total),5091325.0,756052.0,2140053.0,10729969.0
2024,05-016-0650-04_AFR24 Evanston CCSD 65.xlsx,SUPPORT SERVICES (TR),2550,Pupil Transportation,364464.0,57227.0,10434925.0,10856916.0
2024,05-016-0650-04_AFR24 Evanston CCSD 65.xlsx,SUPPORT SERVICES (MR/SS),2310,Board of Education,0.0,11752.0,0.0,11752.0
2024,05-016-0650-04_AFR24 Evanston CCSD 65.xlsx,SUPPORT SERVICES (MR/SS),2320,Executive Administration,0.0,19455.0,0.0,19455.0
2024,05-016-0650-04_AFR24 Evanston CCSD 65.xlsx,SUPPORT SERVICES (MR/SS),2330,Special Area Administration,0.0,125466.0,0.0,125466.0
2024,05-016-0650-04_AFR24 Evanston CCSD 65.xlsx,SUPPORT SERVICES (MR/SS),2300,General Administration (total),0.0,256379.0,0.0,256379.0
2024,05-016-0650-04_AFR24 Evanston CCSD 65.xlsx,SUPPORT SERVICES (MR/SS),2410,Office of the Principal,0.0,187200.0,0.0,187200.0
2024,05-016-0650-04_AFR24 Evanston CCSD 65.xlsx,SUPPORT SERVICES (MR/SS),2490,Other School Administration,0.0,1516.0,0.0,1516.0
2024,05-016-0650-04_AFR24 Evanston CCSD 65.xlsx,SUPPORT SERVICES (MR/SS),2400,School Administration (total),0.0,188716.0,0.0,188716.0
2024,05-016-0650-04_AFR24 Evanston CCSD 65.xlsx,SUPPORT SERVICES (MR/SS),2510,Direction of Business Support Services,0.0,60804.0,0.0,60804.0
2024,05-016-0650-04_AFR24 Evanston CCSD 65.xlsx,SUPPORT SERVICES (MR/SS),2520,Fiscal Services,0.0,41362.0,0.0,41362.0
2024,05-016-0650-04_AFR24 Evanston CCSD 65.xlsx,SUPPORT SERVICES (MR/SS),2540,Operation & Maintenance,0.0,619895.0,0.0,619895.0
2024,05-016-0650-04_AFR24 Evanston CCSD 65.xlsx,SUPPORT SERVICES (MR/SS),2550,Pupil Transportation,0.0,33756.0,0.0,33756.0
2024,05-016-0650-04_AFR24 Evanston CCSD 65.xlsx,SUPPORT SERVICES (MR/SS),2560,Food Services,0.0,151598.0,0.0,151598.0
2024,05-016-0650-04_AFR24 Evanston CCSD 65.xlsx,SUPPORT SERVICES (MR/SS),2570,Internal Services,0.0,0.0,0.0,0.0
2024,05-016-0650-04_AFR24 Evanston CCSD 65.xlsx,SUPPORT SERVICES (MR/SS),2500,Business Services (total),0.0,910226.0,0.0,910226.0
2024,05-016-0650-04_AFR24 Evanston CCSD 65.xlsx,SUPPORT SERVICES (MR/SS),2610,Direction of Central Support Services,0.0,0.0,0.0,0.0
2024,05-016-0650-04_AFR24 Evanston CCSD 65.xlsx,SUPPORT SERVICES (MR/SS),2620,"Planning, Research, Development, Evaluation",0.0,34552.0,0.0,34552.0
2024,05-016-0650-04_AFR24 Evanston CCSD 65.xlsx,SUPPORT SERVICES (MR/SS),2630,Information Services,0.0,45576.0,0.0,45576.0
2024,05-016-0650-04_AFR24 Evanston CCSD 65.xlsx,SUPPORT SERVICES (MR/SS),2640,Staff Services,0.0,123185.0,0.0,123185.0
2024,05-016-0650-04_AFR24 Evanston CCSD 65.xlsx,SUPPORT SERVICES (MR/SS),2660,Data Processing,0.0,184368.0,0.0,184368.0
2024,05-016-0650-04_AFR24 Evanston CCSD 65.xlsx,SUPPORT SERVICES (MR/SS),2600,Central Support Services (total),0.0,387681.0,0.0,387681.0
2024,05-016-0650-04_AFR24 Evanston CCSD 65.xlsx,SUPPORT SERVICES (TF),2300,General Administration (total),0.0,0.0,0.0,0.0
2024,05-016-0650-04_AFR24 Evanston CCSD 65.xlsx,SUPPORT SERVICES (TF),2310,Board of Education,0.0,0.0,0.0,0.0
2024,05-016-0650-04_AFR24 Evanston CCSD 65.xlsx,SUPPORT SERVICES (TF),2320,Executive Administration,0.0,0.0,0.0,0.0
2024,05-016-0650-04_AFR24 Evanston CCSD 65.xlsx,SUPPORT SERVICES (TF),2330,Special Area Administration,0.0,0.0,0.0,0.0
2024,05-016-0650-04_AFR24 Evanston CCSD 65.xlsx,SUPPORT SERVICES (TF),2300,General Administration (total),882755.0,120776.0,1093542.0,2276437.0
2024,05-016-0650-04_AFR24 Evanston CCSD 65.xlsx,SUPPORT SERVICES (TF),2400,School Administration (total),0.0,0.0,0.0,0.0
2024,05-016-0650-04_AFR24 Evanston CCSD 65.xlsx,SUPPORT SERVICES (TF),2410,Office of the Principal,0.0,0.0,0.0,0.0
2024,05-016-0650-04_AFR24 Evanston CCSD 65.xlsx,SUPPORT SERVICES (TF),2490,Other School Administration,0.0,0.0,0.0,0.0
2024,05-016-0650-04_AFR24 Evanston CCSD 65.xlsx,SUPPORT SERVICES (TF),2400,School Administration (total),0.0,0.0,0.0,0.0
2024,05-016-0650-04_AFR24 Evanston CCSD 65.xlsx,SUPPORT SERVICES (TF),2500,Business Services (total),0.0,0.0,0.0,0.0
2024,05-016-0650-04_AFR24 Evanston CCSD 65.xlsx,SUPPORT SERVICES (TF),2510,Direction of Business Support Services,0.0,0.0,0.0,0.0
2024,05-016-0650-04_AFR24 Evanston CCSD 65.xlsx,SUPPORT SERVICES (TF),2520,Fiscal Services,0.0,0.0,0.0,0.0
2024,05-016-0650-04_AFR24 Evanston CCSD 65.xlsx,SUPPORT SERVICES (TF),2540,Operation & Maintenance,0.0,0.0,0.0,0.0
2024,05-016-0650-04_AFR24 Evanston CCSD 65.xlsx,SUPPORT SERVICES (TF),2550,Pupil Transportation,0.0,0.0,0.0,0.0
2024,05-016-0650-04_AFR24 Evanston CCSD 65.xlsx,SUPPORT SERVICES (TF),2560,Food Services,0.0,0.0,0.0,0.0
2024,05-016-0650-04_AFR24 Evanston CCSD 65.xlsx,SUPPORT SERVICES (TF),2570,Internal Services,0.0,0.0,0.0,0.0
2024,05-016-0650-04_AFR24 Evanston CCSD 65.xlsx,SUPPORT SERVICES (TF),2500,Business Services (total),0.0,0.0,0.0,0.0
2024,05-016-0650-04_AFR24 Evanston CCSD 65.xlsx,SUPPORT SERVICES (TF),2600,Central Support Services (total),0.0,0.0,0.0,0.0
2024,05-016-0650-04_AFR24 Evanston CCSD 65.xlsx,SUPPORT SERVICES (TF),2610,Direction of Central Support Services,0.0,0.0,0.0,0.0
2024,05-016-0650-04_AFR24 Evanston CCSD 65.xlsx,SUPPORT SERVICES (TF),2620,"Planning, Research, Development, Evaluation",0.0,0.0,0.0,0.0
2024,05-016-0650-04_AFR24 Evanston CCSD 65.xlsx,SUPPORT SERVICES (TF),2630,Information Services,0.0,0.0,0.0,0.0
2024,05-016-0650-04_AFR24 Evanston CCSD 65.xlsx,SUPPORT SERVICES (TF),2640,Staff Services,0.0,0.0,0.0,0.0
2024,05-016-0650-04_AFR24 Evanston CCSD 65.xlsx,SUPPORT SERVICES (TF),2660,Data Processing,0.0,0.0,0.0,0.0
2024,05-016-0650-04_AFR24 Evanston CCSD 65.xlsx,SUPPORT SERVICES (TF),2600,Central Support Services (total),0.0,0.0,0.0,0.0
2024,05-016-0650-04_AFR24 Evanston CCSD 65.xlsx,SUPPORT SERVICES (FP&S),2540,Operation & Maintenance,0.0,0.0,0.0,0.0
2024,05-016-0650-04_AFR24 Evanston CCSD 65.xlsx,SUPPORT SERVICES (FP&S),2500,Business Services (total),0.0,0.0,0.0,0.0
2025,05-016-0650-04_AFR25 Evanston CCSD 65.xlsx,SUPPORT SERVICES (ED),2310,Board of Education,96082.0,29716.0,179418.0,319576.0
2025,05-016-0650-04_AFR25 Evanston CCSD 65.xlsx,SUPPORT SERVICES (ED),2320,Executive Administration,567928.0,83492.0,43591.0,693471.0
2025,05-016-0650-04_AFR25 Evanston CCSD 65.xlsx,SUPPORT SERVICES (ED),2330,Special Area Administration,3193906.0,536117.0,12172.0,3745381.0
2025,05-016-0650-04_AFR25 Evanston CCSD 65.xlsx,SUPPORT SERVICES (ED),2300,General Administration (total),3857916.0,649325.0,746784.0,5270031.0
2025,05-016-0650-04_AFR25 Evanston CCSD 65.xlsx,SUPPORT SERVICES (ED),2410,Office of the Principal,6173322.0,872670.0,77645.0,7127003.0
2025,05-016-0650-04_AFR25 Evanston CCSD 65.xlsx,SUPPORT SERVICES (ED),2490,Other School Administration,81190.0,3537.0,0.0,84727.0
2025,05-016-0650-04_AFR25 Evanston CCSD 65.xlsx,SUPPORT SERVICES (ED),2400,School Administration (total),6254512.0,876207.0,77645.0,7211730.0
2025,05-016-0650-04_AFR25 Evanston CCSD 65.xlsx,SUPPORT SERVICES (ED),2510,Direction of Business Support Services,646226.0,97591.0,13520.0,757976.0
2025,05-016-0650-04_AFR25 Evanston CCSD 65.xlsx,SUPPORT SERVICES (ED),2520,Fiscal Services,372427.0,53932.0,359610.0,790461.0
2025,05-016-0650-04_AFR25 Evanston CCSD 65.xlsx,SUPPORT SERVICES (ED),2540,Operation & Maintenance,0.0,0.0,0.0,0.0
2025,05-016-0650-04_AFR25 Evanston CCSD 65.xlsx,SUPPORT SERVICES (ED),2550,Pupil Transportation,0.0,0.0,0.0,0.0
2025,05-016-0650-04_AFR25 Evanston CCSD 65.xlsx,SUPPORT SERVICES (ED),2560,Food Services,1314982.0,177726.0,51536.0,2747235.0
2025,05-016-0650-04_AFR25 Evanston CCSD 65.xlsx,SUPPORT SERVICES (ED),2570,Internal Services,0.0,0.0,0.0,0.0
2025,05-016-0650-04_AFR25 Evanston CCSD 65.xlsx,SUPPORT SERVICES (ED),2500,Business Services (total),2333635.0,329249.0,424666.0,4295672.0
2025,05-016-0650-04_AFR25 Evanston CCSD 65.xlsx,SUPPORT SERVICES (ED),2610,Direction of Central Support Services,0.0,0.0,0.0,0.0
2025,05-016-0650-04_AFR25 Evanston CCSD 65.xlsx,SUPPORT SERVICES (ED),2620,"Planning, Research, Development, Evaluation",342508.0,64379.0,17414.0,428188.0
2025,05-016-0650-04_AFR25 Evanston CCSD 65.xlsx,SUPPORT SERVICES (ED),2630,Information Services,300879.0,63089.0,34827.0,476688.0
2025,05-016-0650-04_AFR25 Evanston CCSD 65.xlsx,SUPPORT SERVICES (ED),2640,Staff Services,1102781.0,226868.0,227218.0,1566992.0
2025,05-016-0650-04_AFR25 Evanston CCSD 65.xlsx,SUPPORT SERVICES (ED),2660,Data Processing,1178271.0,189254.0,2298955.0,5201110.0
2025,05-016-0650-04_AFR25 Evanston CCSD 65.xlsx,SUPPORT SERVICES (ED),2600,Central Support Services (total),2924439.0,543590.0,2578414.0,7672978.0
2025,05-016-0650-04_AFR25 Evanston CCSD 65.xlsx,SUPPORT SERVICES (O&M),2510,Direction of Business Support Services,0.0,0.0,0.0,0.0
2025,05-016-0650-04_AFR25 Evanston CCSD 65.xlsx,SUPPORT SERVICES (O&M),2540,Operation & Maintenance,5109713.0,660446.0,1732839.0,9499712.0
2025,05-016-0650-04_AFR25 Evanston CCSD 65.xlsx,SUPPORT SERVICES (O&M),2550,Pupil Transportation,0.0,0.0,0.0,0.0
2025,05-016-0650-04_AFR25 Evanston CCSD 65.xlsx,SUPPORT SERVICES (O&M),2560,Food Services,0.0,0.0,0.0,0.0
2025,05-016-0650-04_AFR25 Evanston CCSD 65.xlsx,SUPPORT SERVICES (O&M),2500,Business Services (total),5109713.0,660446.0,1732839.0,9499712.0
2025,05-016-0650-04_AFR25 Evanston CCSD 65.xlsx,SUPPORT SERVICES (TR),2550,Pupil Transportation,358026.0,52051.0,8646811.0,9056888.0
2025,05-016-0650-04_AFR25 Evanston CCSD 65.xlsx,SUPPORT SERVICES (MR/SS),2310,Board of Education,0.0,12498.0,0.0,12498.0
2025,05-016-0650-04_AFR25 Evanston CCSD 65.xlsx,SUPPORT SERVICES (MR/SS),2320,Executive Administration,0.0,19256.0,0.0,19256.0
2025,05-016-0650-04_AFR25 Evanston CCSD 65.xlsx,SUPPORT SERVICES (MR/SS),2330,Special Area Administration,0.0,132011.0,0.0,132011.0
2025,05-016-0650-04_AFR25 Evanston CCSD 65.xlsx,SUPPORT SERVICES (MR/SS),2300,General Administration (total),0.0,268028.0,0.0,268028.0
2025,05-016-0650-04_AFR25 Evanston CCSD 65.xlsx,SUPPORT SERVICES (MR/SS),2410,Office of the Principal,0.0,205467.0,0.0,205467.0
2025,05-016-0650-04_AFR25 Evanston CCSD 65.xlsx,SUPPORT SERVICES (MR/SS),2490,Other School Administration,0.0,1770.0,0.0,1770.0
2025,05-016-0650-04_AFR25 Evanston CCSD 65.xlsx,SUPPORT SERVICES (MR/SS),2400,School Administration (total),0.0,207237.0,0.0,207237.0
2025,05-016-0650-04_AFR25 Evanston CCSD 65.xlsx,SUPPORT SERVICES (MR/SS),2510,Direction of Business Support Services,0.0,57915.0,0.0,57915.0
2025,05-016-0650-04_AFR25 Evanston CCSD 65.xlsx,SUPPORT SERVICES (MR/SS),2520,Fiscal Services,0.0,45497.0,0.0,45497.0
2025,05-016-0650-04_AFR25 Evanston CCSD 65.xlsx,SUPPORT SERVICES (MR/SS),2540,Operation & Maintenance,0.0,611934.0,0.0,611934.0
2025,05-016-0650-04_AFR25 Evanston CCSD 65.xlsx,SUPPORT SERVICES (MR/SS),2550,Pupil Transportation,0.0,35232.0,0.0,35232.0
2025,05-016-0650-04_AFR25 Evanston CCSD 65.xlsx,SUPPORT SERVICES (MR/SS),2560,Food Services,0.0,164955.0,0.0,164955.0
2025,05-016-0650-04_AFR25 Evanston CCSD 65.xlsx,SUPPORT SERVICES (MR/SS),2570,Internal Services,0.0,49641.0,0.0,49641.0
2025,05-016-0650-04_AFR25 Evanston CCSD 65.xlsx,SUPPORT SERVICES (MR/SS),2500,Business Services (total),0.0,965174.0,0.0,965174.0
2025,05-016-0650-04_AFR25 Evanston CCSD 65.xlsx,SUPPORT SERVICES (MR/SS),2610,Direction of Central Support Services,0.0,0.0,0.0,0.0
2025,05-016-0650-04_AFR25 Evanston CCSD 65.xlsx,SUPPORT SERVICES (MR/SS),2620,"Planning, Research, Development, Evaluation",0.0,28122.0,0.0,28122.0
2025,05-016-0650-04_AFR25 Evanston CCSD 65.xlsx,SUPPORT SERVICES (MR/SS),2630,Information Services,0.0,45100.0,0.0,45100.0
2025,05-016-0650-04_AFR25 Evanston CCSD 65.xlsx,SUPPORT SERVICES (MR/SS),2640,Staff Services,0.0,121777.0,0.0,121777.0
2025,05-016-0650-04_AFR25 Evanston CCSD 65.xlsx,SUPPORT SERVICES (MR/SS),2660,Data Processing,0.0,153733.0,0.0,153733.0
2025,05-016-0650-04_AFR25 Evanston CCSD 65.xlsx,SUPPORT SERVICES (MR/SS),2600,Central Support Services (total),0.0,348732.0,0.0,348732.0
2025,05-016-0650-04_AFR25 Evanston CCSD 65.xlsx,SUPPORT SERVICES (TF),2300,General Administration (total),0.0,0.0,0.0,0.0
2025,05-016-0650-04_AFR25 Evanston CCSD 65.xlsx,SUPPORT SERVICES (TF),2310,Board of Education,0.0,0.0,0.0,0.0
2025,05-016-0650-04_AFR25 Evanston CCSD 65.xlsx,SUPPORT SERVICES (TF),2320,Executive Administration,0.0,0.0,0.0,0.0
2025,05-016-0650-04_AFR25 Evanston CCSD 65.xlsx,SUPPORT SERVICES (TF),2330,Special Area Administration,0.0,0.0,0.0,0.0
2025,05-016-0650-04_AFR25 Evanston CCSD 65.xlsx,SUPPORT SERVICES (TF),2300,General Administration (total),888548.0,142561.0,1769957.0,2889449.0
2025,05-016-0650-04_AFR25 Evanston CCSD 65.xlsx,SUPPORT SERVICES (TF),2400,School Administration (total),0.0,0.0,0.0,0.0
2025,05-016-0650-04_AFR25 Evanston CCSD 65.xlsx,SUPPORT SERVICES (TF),2410,Office of the Principal,0.0,0.0,0.0,0.0
2025,05-016-0650-04_AFR25 Evanston CCSD 65.xlsx,SUPPORT SERVICES (TF),2490,Other School Administration,0.0,0.0,0.0,0.0
2025,05-016-0650-04_AFR25 Evanston CCSD 65.xlsx,SUPPORT SERVICES (TF),2400,School Administration (total),0.0,0.0,0.0,0.0
2025,05-016-0650-04_AFR25 Evanston CCSD 65.xlsx,SUPPORT SERVICES (TF),2500,Business Services (total),0.0,0.0,0.0,0.0
2025,05-016-0650-04_AFR25 Evanston CCSD 65.xlsx,SUPPORT SERVICES (TF),2510,Direction of Business Support Services,0.0,0.0,0.0,0.0
2025,05-016-0650-04_AFR25 Evanston CCSD 65.xlsx,SUPPORT SERVICES (TF),2520,Fiscal Services,0.0,0.0,0.0,0.0
2025,05-016-0650-04_AFR25 Evanston CCSD 65.xlsx,SUPPORT SERVICES (TF),2540,Operation & Maintenance,0.0,0.0,0.0,0.0
2025,05-016-0650-04_AFR25 Evanston CCSD 65.xlsx,SUPPORT SERVICES (TF),2550,Pupil Transportation,0.0,0.0,0.0,0.0
2025,05-016-0650-04_AFR25 Evanston CCSD 65.xlsx,SUPPORT SERVICES (TF),2560,Food Services,0.0,0.0,0.0,0.0
2025,05-016-0650-04_AFR25 Evanston CCSD 65.xlsx,SUPPORT SERVICES (TF),2570,Internal Services,0.0,0.0,0.0,0.0
2025,05-016-0650-04_AFR25 Evanston CCSD 65.xlsx,SUPPORT SERVICES (TF),2500,Business Services (total),0.0,0.0,0.0,0.0
2025,05-016-0650-04_AFR25 Evanston CCSD 65.xlsx,SUPPORT SERVICES (TF),2600,Central Support Services (total),0.0,0.0,0.0,0.0
2025,05-016-0650-04_AFR25 Evanston CCSD 65.xlsx,SUPPORT SERVICES (TF),2610,Direction of Central Support Services,0.0,0.0,0.0,0.0
2025,05-016-0650-04_AFR25 Evanston CCSD 65.xlsx,SUPPORT SERVICES (TF),2620,"Planning, Research, Development, Evaluation",0.0,0.0,0.0,0.0
2025,05-016-0650-04_AFR25 Evanston CCSD 65.xlsx,SUPPORT SERVICES (TF),2630,Information Services,0.0,0.0,0.0,0.0
2025,05-016-0650-04_AFR25 Evanston CCSD 65.xlsx,SUPPORT SERVICES (TF),2640,Staff Services,0.0,0.0,0.0,0.0
2025,05-016-0650-04_AFR25 Evanston CCSD 65.xlsx,SUPPORT SERVICES (TF),2660,Data Processing,0.0,0.0,0.0,0.0
2025,05-016-0650-04_AFR25 Evanston CCSD 65.xlsx,SUPPORT SERVICES (TF),2600,Central Support Services (total),0.0,0.0,0.0,0.0
2025,05-016-0650-04_AFR25 Evanston CCSD 65.xlsx,SUPPORT SERVICES (FP&S),2540,Operation & Maintenance,0.0,0.0,0.0,0.0
2025,05-016-0650-04_AFR25 Evanston CCSD 65.xlsx,SUPPORT SERVICES (FP&S),2500,Business Services (total),0.0,0.0,0.0,0.0
